净值日期,单位净值,累计净值,日增长率,申购状态,赎回状态,分红送配
2025-02-25,2.1503,2.1503,-0.31%,限制大额申购,开放赎回,
2025-02-24,2.1569,2.1569,-2.22%,限制大额申购,开放赎回,
2025-02-21,2.2058,2.2058,1.88%,限制大额申购,开放赎回,
2025-02-20,2.1651,2.1651,1.11%,限制大额申购,开放赎回,
2025-02-19,2.1413,2.1413,2.83%,限制大额申购,开放赎回,
2025-02-18,2.0824,2.0824,-0.38%,限制大额申购,开放赎回,
2025-02-17,2.0904,2.0904,2.48%,限制大额申购,开放赎回,
2025-02-14,2.0399,2.0399,0.29%,限制大额申购,开放赎回,
2025-02-13,2.0341,2.0341,-2.65%,限制大额申购,开放赎回,
2025-02-12,2.0894,2.0894,2.33%,限制大额申购,开放赎回,
2025-02-11,2.0418,2.0418,0.87%,限制大额申购,开放赎回,
2025-02-10,2.0241,2.0241,0.33%,限制大额申购,开放赎回,
2025-02-07,2.0174,2.0174,2.07%,限制大额申购,开放赎回,
2025-02-06,1.9764,1.9764,4.39%,限制大额申购,开放赎回,
2025-02-05,1.8933,1.8933,-3.90%,限制大额申购,开放赎回,
2025-01-27,1.9702,1.9702,-3.52%,限制大额申购,开放赎回,
2025-01-24,2.042,2.042,1.65%,限制大额申购,开放赎回,
2025-01-23,2.0089,2.0089,-1.86%,限制大额申购,开放赎回,
2025-01-22,2.047,2.047,2.12%,限制大额申购,开放赎回,
2025-01-21,2.0045,2.0045,3.52%,限制大额申购,开放赎回,
2025-01-20,1.9364,1.9364,2.92%,限制大额申购,开放赎回,
2025-01-17,1.8814,1.8814,1.32%,限制大额申购,开放赎回,
2025-01-16,1.8568,1.8568,2.43%,限制大额申购,开放赎回,
2025-01-15,1.8128,1.8128,-1.72%,限制大额申购,开放赎回,
2025-01-14,1.8446,1.8446,4.33%,限制大额申购,开放赎回,
2025-01-13,1.7681,1.7681,-1.49%,限制大额申购,开放赎回,
2025-01-10,1.7948,1.7948,-2.27%,限制大额申购,开放赎回,
2025-01-09,1.8365,1.8365,0.71%,限制大额申购,开放赎回,
2025-01-08,1.8235,1.8235,-0.37%,限制大额申购,开放赎回,
2025-01-07,1.8302,1.8302,4.25%,限制大额申购,开放赎回,
2025-01-06,1.7556,1.7556,-0.29%,限制大额申购,开放赎回,
2025-01-03,1.7607,1.7607,-1.06%,限制大额申购,开放赎回,
2025-01-02,1.7795,1.7795,-2.91%,限制大额申购,开放赎回,
2024-12-31,1.8329,1.8329,-3.53%,限制大额申购,开放赎回,
2024-12-30,1.8999,1.8999,-1.12%,限制大额申购,开放赎回,
2024-12-27,1.9214,1.9214,-1.73%,限制大额申购,开放赎回,
2024-12-26,1.9553,1.9553,4.56%,限制大额申购,开放赎回,
2024-12-25,1.8701,1.8701,-0.51%,限制大额申购,开放赎回,
2024-12-24,1.8796,1.8796,1.08%,限制大额申购,开放赎回,
2024-12-23,1.8595,1.8595,-2.01%,限制大额申购,开放赎回,
2024-12-20,1.8976,1.8976,1.17%,限制大额申购,开放赎回,
2024-12-19,1.8756,1.8756,2.69%,限制大额申购,开放赎回,
2024-12-18,1.8264,1.8264,0.92%,限制大额申购,开放赎回,
2024-12-17,1.8098,1.8098,0.17%,限制大额申购,开放赎回,
2024-12-16,1.8067,1.8067,-1.73%,限制大额申购,开放赎回,
2024-12-13,1.8385,1.8385,-1.66%,限制大额申购,开放赎回,
2024-12-12,1.8695,1.8695,1.27%,限制大额申购,开放赎回,
2024-12-11,1.846,1.846,2.19%,限制大额申购,开放赎回,
2024-12-10,1.8064,1.8064,0.69%,限制大额申购,开放赎回,
2024-12-09,1.794,1.794,-1.43%,限制大额申购,开放赎回,
2024-12-06,1.8201,1.8201,1.04%,限制大额申购,开放赎回,
2024-12-05,1.8013,1.8013,0.56%,限制大额申购,开放赎回,
2024-12-04,1.7912,1.7912,-1.20%,限制大额申购,开放赎回,
2024-12-03,1.8129,1.8129,-1.00%,限制大额申购,开放赎回,
2024-12-02,1.8313,1.8313,3.04%,限制大额申购,开放赎回,
2024-11-29,1.7773,1.7773,1.92%,限制大额申购,开放赎回,
2024-11-28,1.7439,1.7439,-1.86%,限制大额申购,开放赎回,
2024-11-27,1.7769,1.7769,3.18%,限制大额申购,开放赎回,
2024-11-26,1.7222,1.7222,-0.20%,限制大额申购,开放赎回,
2024-11-25,1.7257,1.7257,-2.80%,限制大额申购,开放赎回,
2024-11-22,1.7755,1.7755,-2.80%,限制大额申购,开放赎回,
2024-11-21,1.8267,1.8267,-1.26%,限制大额申购,开放赎回,
2024-11-20,1.85,1.85,0.98%,限制大额申购,开放赎回,
2024-11-19,1.832,1.832,2.18%,限制大额申购,开放赎回,
2024-11-18,1.793,1.793,-3.35%,限制大额申购,开放赎回,
2024-11-15,1.8551,1.8551,-3.02%,限制大额申购,开放赎回,
2024-11-14,1.9128,1.9128,-3.26%,限制大额申购,开放赎回,
2024-11-13,1.9772,1.9772,1.16%,限制大额申购,开放赎回,
2024-11-12,1.9545,1.9545,0.50%,限制大额申购,开放赎回,
2024-11-11,1.9447,1.9447,2.50%,限制大额申购,开放赎回,
2024-11-08,1.8972,1.8972,-0.24%,限制大额申购,开放赎回,
2024-11-07,1.9017,1.9017,1.06%,限制大额申购,开放赎回,
2024-11-06,1.8817,1.8817,-1.84%,限制大额申购,开放赎回,
2024-11-05,1.917,1.917,2.45%,限制大额申购,开放赎回,
2024-11-04,1.8712,1.8712,2.16%,限制大额申购,开放赎回,
2024-11-01,1.8317,1.8317,-2.13%,限制大额申购,开放赎回,
2024-10-31,1.8716,1.8716,-0.42%,限制大额申购,开放赎回,
2024-10-30,1.8794,1.8794,-0.13%,限制大额申购,开放赎回,
2024-10-29,1.8818,1.8818,-0.42%,限制大额申购,开放赎回,
2024-10-28,1.8898,1.8898,-0.95%,限制大额申购,开放赎回,
2024-10-25,1.908,1.908,0.63%,限制大额申购,开放赎回,
2024-10-24,1.896,1.896,0.32%,限制大额申购,开放赎回,
2024-10-23,1.8899,1.8899,-2.31%,限制大额申购,开放赎回,
2024-10-22,1.9345,1.9345,1.41%,限制大额申购,开放赎回,
2024-10-21,1.9076,1.9076,1.62%,限制大额申购,开放赎回,
2024-10-18,1.8771,1.8771,7.03%,限制大额申购,开放赎回,
2024-10-17,1.7538,1.7538,0.27%,限制大额申购,开放赎回,
2024-10-16,1.749,1.749,-3.13%,限制大额申购,开放赎回,
2024-10-15,1.8056,1.8056,-2.34%,限制大额申购,开放赎回,
2024-10-14,1.8489,1.8489,2.14%,限制大额申购,开放赎回,
2024-10-11,1.8102,1.8102,-2.81%,限制大额申购,开放赎回,
2024-10-10,1.8625,1.8625,-1.33%,限制大额申购,开放赎回,
2024-10-09,1.8877,1.8877,-4.78%,限制大额申购,开放赎回,
2024-10-08,1.9824,1.9824,11.43%,限制大额申购,开放赎回,
2024-09-30,1.779,1.779,10.70%,限制大额申购,开放赎回,
2024-09-27,1.607,1.607,5.09%,限制大额申购,开放赎回,
2024-09-26,1.5292,1.5292,2.93%,限制大额申购,开放赎回,
2024-09-25,1.4856,1.4856,-0.14%,限制大额申购,开放赎回,
2024-09-24,1.4877,1.4877,5.87%,限制大额申购,开放赎回,
2024-09-23,1.4052,1.4052,-0.21%,限制大额申购,开放赎回,
2024-09-20,1.4082,1.4082,0.12%,限制大额申购,开放赎回,
2024-09-19,1.4065,1.4065,-0.52%,限制大额申购,开放赎回,
2024-09-18,1.4139,1.4139,-1.48%,限制大额申购,开放赎回,
2024-09-13,1.4352,1.4352,2.33%,限制大额申购,开放赎回,
2024-09-12,1.4025,1.4025,-0.40%,限制大额申购,开放赎回,
2024-09-11,1.4081,1.4081,-0.38%,限制大额申购,开放赎回,
2024-09-10,1.4135,1.4135,1.33%,限制大额申购,开放赎回,
2024-09-09,1.3949,1.3949,0.08%,限制大额申购,开放赎回,
2024-09-06,1.3938,1.3938,-2.45%,限制大额申购,开放赎回,
2024-09-05,1.4288,1.4288,0.33%,限制大额申购,开放赎回,
2024-09-04,1.4241,1.4241,-1.61%,限制大额申购,开放赎回,
2024-09-03,1.4474,1.4474,1.15%,限制大额申购,开放赎回,
2024-09-02,1.4309,1.4309,-3.69%,限制大额申购,开放赎回,
2024-08-30,1.4858,1.4858,4.10%,限制大额申购,开放赎回,
2024-08-29,1.4273,1.4273,-0.78%,限制大额申购,开放赎回,
2024-08-28,1.4385,1.4385,-0.09%,限制大额申购,开放赎回,
2024-08-27,1.4398,1.4398,-1.79%,限制大额申购,开放赎回,
2024-08-26,1.466,1.466,-1.64%,限制大额申购,开放赎回,
2024-08-23,1.4904,1.4904,-0.82%,限制大额申购,开放赎回,
2024-08-22,1.5027,1.5027,-0.82%,限制大额申购,开放赎回,
2024-08-21,1.5151,1.5151,0.89%,限制大额申购,开放赎回,
2024-08-20,1.5017,1.5017,-0.25%,限制大额申购,开放赎回,
2024-08-19,1.5054,1.5054,-0.30%,限制大额申购,开放赎回,
2024-08-16,1.5099,1.5099,1.38%,限制大额申购,开放赎回,
2024-08-15,1.4893,1.4893,0.01%,限制大额申购,开放赎回,
2024-08-14,1.4892,1.4892,-1.10%,限制大额申购,开放赎回,
2024-08-13,1.5058,1.5058,1.04%,限制大额申购,开放赎回,
2024-08-12,1.4903,1.4903,-0.11%,限制大额申购,开放赎回,
2024-08-09,1.492,1.492,1.41%,限制大额申购,开放赎回,
2024-08-08,1.4712,1.4712,0.05%,限制大额申购,开放赎回,
2024-08-07,1.4705,1.4705,-0.79%,限制大额申购,开放赎回,
2024-08-06,1.4822,1.4822,2.00%,限制大额申购,开放赎回,
2024-08-05,1.4532,1.4532,-5.56%,限制大额申购,开放赎回,
2024-08-02,1.5388,1.5388,-3.94%,限制大额申购,开放赎回,
2024-08-01,1.6019,1.6019,-0.09%,限制大额申购,开放赎回,
2024-07-31,1.6033,1.6033,2.51%,限制大额申购,开放赎回,
2024-07-30,1.564,1.564,-0.91%,限制大额申购,开放赎回,
2024-07-29,1.5783,1.5783,0.62%,限制大额申购,开放赎回,
2024-07-26,1.5685,1.5685,1.10%,限制大额申购,开放赎回,
2024-07-25,1.5514,1.5514,-2.75%,限制大额申购,开放赎回,
2024-07-24,1.5953,1.5953,-1.60%,限制大额申购,开放赎回,
2024-07-23,1.6212,1.6212,-3.24%,限制大额申购,开放赎回,
2024-07-22,1.6754,1.6754,-0.36%,限制大额申购,开放赎回,
2024-07-19,1.6815,1.6815,-0.50%,限制大额申购,开放赎回,
2024-07-18,1.69,1.69,-1.33%,限制大额申购,开放赎回,
2024-07-17,1.7128,1.7128,-3.47%,限制大额申购,开放赎回,
2024-07-16,1.7744,1.7744,2.03%,限制大额申购,开放赎回,
2024-07-15,1.7391,1.7391,-0.18%,限制大额申购,开放赎回,
2024-07-12,1.7423,1.7423,-1.14%,限制大额申购,开放赎回,
2024-07-11,1.7624,1.7624,0.62%,限制大额申购,开放赎回,
2024-07-10,1.7515,1.7515,1.78%,限制大额申购,开放赎回,
2024-07-09,1.7208,1.7208,5.35%,限制大额申购,开放赎回,
2024-07-08,1.6334,1.6334,0.83%,限制大额申购,开放赎回,
2024-07-05,1.62,1.62,-0.06%,限制大额申购,开放赎回,
2024-07-04,1.6209,1.6209,0.22%,限制大额申购,开放赎回,
2024-07-03,1.6174,1.6174,-0.14%,限制大额申购,开放赎回,
2024-07-02,1.6196,1.6196,-0.89%,限制大额申购,开放赎回,
2024-07-01,1.6342,1.6342,1.26%,限制大额申购,开放赎回,
2024-06-30,1.6139,1.6139,0.00%,限制大额申购,开放赎回,
2024-06-28,1.6139,1.6139,1.15%,限制大额申购,开放赎回,
2024-06-27,1.5956,1.5956,-1.19%,限制大额申购,开放赎回,
2024-06-26,1.6148,1.6148,2.68%,限制大额申购,开放赎回,
2024-06-25,1.5727,1.5727,-2.58%,限制大额申购,开放赎回,
2024-06-24,1.6144,1.6144,-1.46%,限制大额申购,开放赎回,
2024-06-21,1.6384,1.6384,0.47%,限制大额申购,开放赎回,
2024-06-20,1.6307,1.6307,-1.24%,限制大额申购,开放赎回,
2024-06-19,1.6512,1.6512,-0.92%,限制大额申购,开放赎回,
2024-06-18,1.6666,1.6666,1.84%,限制大额申购,开放赎回,
2024-06-17,1.6365,1.6365,2.81%,限制大额申购,开放赎回,
2024-06-14,1.5917,1.5917,4.01%,限制大额申购,开放赎回,
2024-06-13,1.5303,1.5303,1.58%,限制大额申购,开放赎回,
2024-06-12,1.5065,1.5065,1.78%,限制大额申购,开放赎回,
2024-06-11,1.4801,1.4801,0.82%,限制大额申购,开放赎回,
2024-06-07,1.4681,1.4681,-2.42%,限制大额申购,开放赎回,
2024-06-06,1.5045,1.5045,0.96%,限制大额申购,开放赎回,
2024-06-05,1.4902,1.4902,-0.44%,限制大额申购,开放赎回,
2024-06-04,1.4968,1.4968,0.47%,限制大额申购,开放赎回,
2024-06-03,1.4898,1.4898,3.57%,限制大额申购,开放赎回,
2024-05-31,1.4384,1.4384,-0.02%,限制大额申购,开放赎回,
2024-05-30,1.4387,1.4387,0.99%,限制大额申购,开放赎回,
2024-05-29,1.4246,1.4246,-0.36%,限制大额申购,开放赎回,
2024-05-28,1.4298,1.4298,-1.25%,限制大额申购,开放赎回,
2024-05-27,1.4479,1.4479,1.24%,限制大额申购,开放赎回,
2024-05-24,1.4301,1.4301,-2.74%,限制大额申购,开放赎回,
2024-05-23,1.4704,1.4704,-1.27%,限制大额申购,开放赎回,
2024-05-22,1.4893,1.4893,-0.40%,限制大额申购,开放赎回,
2024-05-21,1.4953,1.4953,-0.59%,限制大额申购,开放赎回,
2024-05-20,1.5041,1.5041,1.46%,限制大额申购,开放赎回,
2024-05-17,1.4824,1.4824,0.83%,限制大额申购,开放赎回,
2024-05-16,1.4702,1.4702,0.67%,限制大额申购,开放赎回,
2024-05-15,1.4604,1.4604,-0.77%,限制大额申购,开放赎回,
2024-05-14,1.4718,1.4718,-0.96%,限制大额申购,开放赎回,
2024-05-13,1.486,1.486,0.53%,限制大额申购,开放赎回,
2024-05-10,1.4782,1.4782,-1.18%,限制大额申购,开放赎回,
2024-05-09,1.4959,1.4959,-0.05%,限制大额申购,开放赎回,
2024-05-08,1.4967,1.4967,-1.47%,限制大额申购,开放赎回,
2024-05-07,1.519,1.519,-1.94%,限制大额申购,开放赎回,
2024-05-06,1.5491,1.5491,0.13%,限制大额申购,开放赎回,
2024-04-30,1.5471,1.5471,-0.36%,限制大额申购,开放赎回,
2024-04-29,1.5527,1.5527,3.18%,限制大额申购,开放赎回,
2024-04-26,1.5048,1.5048,4.64%,限制大额申购,开放赎回,
2024-04-25,1.4381,1.4381,-0.59%,限制大额申购,开放赎回,
2024-04-24,1.4466,1.4466,3.23%,限制大额申购,开放赎回,
2024-04-23,1.4013,1.4013,1.31%,限制大额申购,开放赎回,
2024-04-22,1.3832,1.3832,-1.76%,限制大额申购,开放赎回,
2024-04-19,1.408,1.408,-3.60%,限制大额申购,开放赎回,
2024-04-18,1.4606,1.4606,-1.08%,限制大额申购,开放赎回,
2024-04-17,1.4766,1.4766,3.48%,限制大额申购,开放赎回,
2024-04-16,1.4269,1.4269,-2.37%,限制大额申购,开放赎回,
2024-04-15,1.4616,1.4616,0.21%,限制大额申购,开放赎回,
2024-04-12,1.4586,1.4586,2.74%,限制大额申购,开放赎回,
2024-04-11,1.4197,1.4197,0.06%,限制大额申购,开放赎回,
2024-04-10,1.4188,1.4188,-2.21%,限制大额申购,开放赎回,
2024-04-09,1.4508,1.4508,0.18%,限制大额申购,开放赎回,
2024-04-08,1.4482,1.4482,0.42%,限制大额申购,开放赎回,
2024-04-03,1.4421,1.4421,-2.25%,限制大额申购,开放赎回,
2024-04-02,1.4753,1.4753,-1.82%,限制大额申购,开放赎回,
2024-04-01,1.5027,1.5027,2.64%,限制大额申购,开放赎回,
2024-03-29,1.4641,1.4641,-0.14%,限制大额申购,开放赎回,
2024-03-28,1.4662,1.4662,2.03%,限制大额申购,开放赎回,
2024-03-27,1.437,1.437,-2.71%,限制大额申购,开放赎回,
2024-03-26,1.4771,1.4771,-1.00%,限制大额申购,开放赎回,
2024-03-25,1.492,1.492,-2.59%,限制大额申购,开放赎回,
2024-03-22,1.5317,1.5317,0.86%,限制大额申购,开放赎回,
2024-03-21,1.5186,1.5186,-0.83%,限制大额申购,开放赎回,
2024-03-20,1.5313,1.5313,-0.14%,限制大额申购,开放赎回,
2024-03-19,1.5334,1.5334,0.08%,限制大额申购,开放赎回,
2024-03-18,1.5322,1.5322,3.33%,限制大额申购,开放赎回,
2024-03-15,1.4828,1.4828,3.69%,限制大额申购,开放赎回,
2024-03-14,1.4301,1.4301,-0.32%,限制大额申购,开放赎回,
2024-03-13,1.4347,1.4347,0.38%,限制大额申购,开放赎回,
2024-03-12,1.4293,1.4293,-0.25%,限制大额申购,开放赎回,
2024-03-11,1.4329,1.4329,0.52%,限制大额申购,开放赎回,
2024-03-08,1.4255,1.4255,3.30%,限制大额申购,开放赎回,
2024-03-07,1.38,1.38,-1.75%,限制大额申购,开放赎回,
2024-03-06,1.4046,1.4046,-0.96%,限制大额申购,开放赎回,
2024-03-05,1.4182,1.4182,0.60%,限制大额申购,开放赎回,
2024-03-04,1.4097,1.4097,2.16%,限制大额申购,开放赎回,
2024-03-01,1.3799,1.3799,2.40%,限制大额申购,开放赎回,
2024-02-29,1.3475,1.3475,4.12%,限制大额申购,开放赎回,
2024-02-28,1.2942,1.2942,-4.98%,限制大额申购,开放赎回,
2024-02-27,1.3621,1.3621,5.50%,限制大额申购,开放赎回,
2024-02-26,1.2911,1.2911,0.84%,限制大额申购,开放赎回,
2024-02-23,1.2804,1.2804,-0.10%,限制大额申购,开放赎回,
2024-02-22,1.2817,1.2817,1.98%,限制大额申购,开放赎回,
2024-02-21,1.2568,1.2568,-1.74%,限制大额申购,开放赎回,
2024-02-20,1.2791,1.2791,-1.13%,限制大额申购,开放赎回,
2024-02-19,1.2937,1.2937,6.42%,限制大额申购,开放赎回,
2024-02-08,1.2157,1.2157,2.31%,限制大额申购,开放赎回,
2024-02-07,1.1883,1.1883,1.11%,限制大额申购,开放赎回,
2024-02-06,1.1752,1.1752,7.76%,限制大额申购,开放赎回,
2024-02-05,1.0906,1.0906,0.99%,限制大额申购,开放赎回,
2024-02-02,1.0799,1.0799,-2.30%,限制大额申购,开放赎回,
2024-02-01,1.1053,1.1053,3.66%,限制大额申购,开放赎回,
2024-01-31,1.0663,1.0663,-2.26%,限制大额申购,开放赎回,
2024-01-30,1.091,1.091,-1.99%,限制大额申购,开放赎回,
2024-01-29,1.1131,1.1131,-5.13%,限制大额申购,开放赎回,
2024-01-26,1.1733,1.1733,-3.47%,限制大额申购,开放赎回,
2024-01-25,1.2155,1.2155,1.67%,限制大额申购,开放赎回,
2024-01-24,1.1955,1.1955,0.02%,限制大额申购,开放赎回,
2024-01-23,1.1953,1.1953,1.55%,限制大额申购,开放赎回,
2024-01-22,1.177,1.177,-2.35%,限制大额申购,开放赎回,
2024-01-19,1.2053,1.2053,-0.40%,限制大额申购,开放赎回,
2024-01-18,1.2102,1.2102,3.72%,限制大额申购,开放赎回,
2024-01-17,1.1668,1.1668,-2.21%,限制大额申购,开放赎回,
2024-01-16,1.1932,1.1932,-0.38%,限制大额申购,开放赎回,
2024-01-15,1.1978,1.1978,-0.08%,限制大额申购,开放赎回,
2024-01-12,1.1987,1.1987,-1.84%,限制大额申购,开放赎回,
2024-01-11,1.2212,1.2212,1.38%,限制大额申购,开放赎回,
2024-01-10,1.2046,1.2046,-1.25%,限制大额申购,开放赎回,
2024-01-09,1.2199,1.2199,1.14%,限制大额申购,开放赎回,
2024-01-08,1.2061,1.2061,-2.80%,限制大额申购,开放赎回,
2024-01-05,1.2409,1.2409,-1.94%,限制大额申购,开放赎回,
2024-01-04,1.2655,1.2655,-0.37%,限制大额申购,开放赎回,
2024-01-03,1.2702,1.2702,-3.48%,限制大额申购,开放赎回,
2024-01-02,1.316,1.316,-2.29%,限制大额申购,开放赎回,
2023-12-31,1.3468,1.3468,0.00%,限制大额申购,开放赎回,
2023-12-29,1.3468,1.3468,1.67%,限制大额申购,开放赎回,
2023-12-28,1.3247,1.3247,1.49%,限制大额申购,开放赎回,
2023-12-27,1.3052,1.3052,0.26%,限制大额申购,开放赎回,
2023-12-26,1.3018,1.3018,-2.01%,限制大额申购,开放赎回,
2023-12-25,1.3285,1.3285,0.95%,限制大额申购,开放赎回,
2023-12-22,1.316,1.316,-1.65%,限制大额申购,开放赎回,
2023-12-21,1.3381,1.3381,1.05%,限制大额申购,开放赎回,
2023-12-20,1.3242,1.3242,-1.99%,限制大额申购,开放赎回,
2023-12-19,1.3511,1.3511,0.63%,限制大额申购,开放赎回,
2023-12-18,1.3426,1.3426,-0.45%,限制大额申购,开放赎回,
2023-12-15,1.3487,1.3487,-1.27%,限制大额申购,开放赎回,
2023-12-14,1.366,1.366,-0.64%,限制大额申购,开放赎回,
2023-12-13,1.3748,1.3748,-0.62%,限制大额申购,开放赎回,
2023-12-12,1.3834,1.3834,-0.70%,限制大额申购,开放赎回,
2023-12-11,1.3931,1.3931,2.56%,限制大额申购,开放赎回,
2023-12-08,1.3583,1.3583,5.28%,限制大额申购,开放赎回,
2023-12-07,1.2902,1.2902,0.81%,限制大额申购,开放赎回,
2023-12-06,1.2798,1.2798,0.27%,限制大额申购,开放赎回,
2023-12-05,1.2763,1.2763,-1.88%,限制大额申购,开放赎回,
2023-12-04,1.3008,1.3008,-0.18%,限制大额申购,开放赎回,
2023-12-01,1.3032,1.3032,1.58%,限制大额申购,开放赎回,
2023-11-30,1.2829,1.2829,-0.03%,限制大额申购,开放赎回,
2023-11-29,1.2833,1.2833,0.45%,限制大额申购,开放赎回,
2023-11-28,1.2775,1.2775,-0.27%,限制大额申购,开放赎回,
2023-11-27,1.2809,1.2809,1.77%,限制大额申购,开放赎回,
2023-11-24,1.2586,1.2586,-2.43%,限制大额申购,开放赎回,
2023-11-23,1.29,1.29,1.28%,限制大额申购,开放赎回,
2023-11-22,1.2737,1.2737,-2.02%,限制大额申购,开放赎回,
2023-11-21,1.3,1.3,-0.97%,限制大额申购,开放赎回,
2023-11-20,1.3127,1.3127,-1.17%,限制大额申购,开放赎回,
2023-11-17,1.3282,1.3282,1.47%,限制大额申购,开放赎回,
2023-11-16,1.3089,1.3089,-1.68%,限制大额申购,开放赎回,
2023-11-15,1.3313,1.3313,0.88%,限制大额申购,开放赎回,
2023-11-14,1.3197,1.3197,0.56%,限制大额申购,开放赎回,
2023-11-13,1.3123,1.3123,0.42%,限制大额申购,开放赎回,
2023-11-10,1.3068,1.3068,-0.38%,限制大额申购,开放赎回,
2023-11-09,1.3118,1.3118,-0.34%,限制大额申购,开放赎回,
2023-11-08,1.3163,1.3163,-0.66%,限制大额申购,开放赎回,
2023-11-07,1.325,1.325,1.32%,限制大额申购,开放赎回,
2023-11-06,1.3077,1.3077,2.48%,限制大额申购,开放赎回,
2023-11-03,1.276,1.276,2.10%,限制大额申购,开放赎回,
2023-11-02,1.2498,1.2498,-0.84%,限制大额申购,开放赎回,
2023-11-01,1.2604,1.2604,-1.38%,限制大额申购,开放赎回,
2023-10-31,1.2781,1.2781,-0.61%,限制大额申购,开放赎回,
2023-10-30,1.2859,1.2859,4.66%,限制大额申购,开放赎回,
2023-10-27,1.2286,1.2286,0.56%,限制大额申购,开放赎回,
2023-10-26,1.2218,1.2218,-0.67%,限制大额申购,开放赎回,
2023-10-25,1.23,1.23,-1.03%,限制大额申购,开放赎回,
2023-10-24,1.2428,1.2428,0.40%,限制大额申购,开放赎回,
2023-10-23,1.2378,1.2378,-1.54%,限制大额申购,开放赎回,
2023-10-20,1.2571,1.2571,-2.07%,限制大额申购,开放赎回,
2023-10-19,1.2837,1.2837,-1.29%,限制大额申购,开放赎回,
2023-10-18,1.3005,1.3005,-2.00%,限制大额申购,开放赎回,
2023-10-17,1.327,1.327,-0.02%,限制大额申购,开放赎回,
2023-10-16,1.3272,1.3272,-1.49%,限制大额申购,开放赎回,
2023-10-13,1.3473,1.3473,-1.20%,限制大额申购,开放赎回,
2023-10-12,1.3637,1.3637,-0.92%,限制大额申购,开放赎回,
2023-10-11,1.3764,1.3764,1.26%,限制大额申购,开放赎回,
2023-10-10,1.3593,1.3593,-0.97%,限制大额申购,开放赎回,
2023-10-09,1.3726,1.3726,0.21%,限制大额申购,开放赎回,
2023-09-28,1.3697,1.3697,0.64%,限制大额申购,开放赎回,
2023-09-27,1.361,1.361,0.39%,限制大额申购,开放赎回,
2023-09-26,1.3557,1.3557,0.66%,限制大额申购,开放赎回,
2023-09-25,1.3468,1.3468,-1.08%,限制大额申购,开放赎回,
2023-09-22,1.3615,1.3615,6.71%,限制大额申购,开放赎回,
2023-09-21,1.2759,1.2759,-0.44%,限制大额申购,开放赎回,
2023-09-20,1.2815,1.2815,-0.58%,限制大额申购,开放赎回,
2023-09-19,1.289,1.289,0.41%,限制大额申购,开放赎回,
2023-09-18,1.2837,1.2837,-0.32%,限制大额申购,开放赎回,
2023-09-15,1.2878,1.2878,-1.05%,限制大额申购,开放赎回,
2023-09-14,1.3014,1.3014,-1.62%,限制大额申购,开放赎回,
2023-09-13,1.3228,1.3228,-2.69%,限制大额申购,开放赎回,
2023-09-12,1.3594,1.3594,0.53%,限制大额申购,开放赎回,
2023-09-11,1.3522,1.3522,2.25%,限制大额申购,开放赎回,
2023-09-08,1.3224,1.3224,-0.38%,限制大额申购,开放赎回,
2023-09-07,1.3274,1.3274,-2.68%,限制大额申购,开放赎回,
2023-09-06,1.364,1.364,0.26%,限制大额申购,开放赎回,
2023-09-05,1.3604,1.3604,-1.97%,限制大额申购,开放赎回,
2023-09-04,1.3878,1.3878,1.24%,限制大额申购,开放赎回,
2023-09-01,1.3708,1.3708,-1.67%,限制大额申购,开放赎回,
2023-08-31,1.3941,1.3941,0.16%,限制大额申购,开放赎回,
2023-08-30,1.3919,1.3919,1.18%,限制大额申购,开放赎回,
2023-08-29,1.3757,1.3757,3.75%,限制大额申购,开放赎回,
2023-08-28,1.326,1.326,1.13%,限制大额申购,开放赎回,
2023-08-25,1.3112,1.3112,-4.38%,限制大额申购,开放赎回,
2023-08-24,1.3712,1.3712,1.09%,限制大额申购,开放赎回,
2023-08-23,1.3564,1.3564,-3.19%,限制大额申购,开放赎回,
2023-08-22,1.4011,1.4011,3.77%,限制大额申购,开放赎回,
2023-08-21,1.3502,1.3502,-0.65%,限制大额申购,开放赎回,
2023-08-18,1.3591,1.3591,-2.93%,限制大额申购,开放赎回,
2023-08-17,1.4001,1.4001,-0.01%,限制大额申购,开放赎回,
2023-08-16,1.4003,1.4003,-2.52%,限制大额申购,开放赎回,
2023-08-15,1.4365,1.4365,-1.32%,限制大额申购,开放赎回,
2023-08-14,1.4557,1.4557,-0.06%,限制大额申购,开放赎回,
2023-08-11,1.4566,1.4566,-1.87%,限制大额申购,开放赎回,
2023-08-10,1.4844,1.4844,-0.42%,限制大额申购,开放赎回,
2023-08-09,1.4907,1.4907,-2.78%,限制大额申购,开放赎回,
2023-08-08,1.5334,1.5334,-1.26%,限制大额申购,开放赎回,
2023-08-07,1.5529,1.5529,0.69%,限制大额申购,开放赎回,
2023-08-04,1.5423,1.5423,1.43%,限制大额申购,开放赎回,
2023-08-03,1.5205,1.5205,-0.19%,限制大额申购,开放赎回,
2023-08-02,1.5234,1.5234,0.12%,限制大额申购,开放赎回,
2023-08-01,1.5216,1.5216,1.50%,限制大额申购,开放赎回,
2023-07-31,1.4991,1.4991,-0.09%,限制大额申购,开放赎回,
2023-07-28,1.5004,1.5004,0.27%,限制大额申购,开放赎回,
2023-07-27,1.4963,1.4963,-0.67%,限制大额申购,开放赎回,
2023-07-26,1.5064,1.5064,-1.66%,限制大额申购,开放赎回,
2023-07-25,1.5318,1.5318,1.53%,限制大额申购,开放赎回,
2023-07-24,1.5087,1.5087,0.03%,限制大额申购,开放赎回,
2023-07-21,1.5083,1.5083,-0.81%,限制大额申购,开放赎回,
2023-07-20,1.5206,1.5206,-4.33%,限制大额申购,开放赎回,
2023-07-19,1.5894,1.5894,-0.34%,限制大额申购,开放赎回,
2023-07-18,1.5949,1.5949,-0.73%,限制大额申购,开放赎回,
2023-07-17,1.6067,1.6067,-0.29%,限制大额申购,开放赎回,
2023-07-14,1.6113,1.6113,-0.08%,限制大额申购,开放赎回,
2023-07-13,1.6126,1.6126,3.05%,限制大额申购,开放赎回,
2023-07-12,1.5648,1.5648,-3.63%,限制大额申购,开放赎回,
2023-07-11,1.6237,1.6237,3.23%,限制大额申购,开放赎回,
2023-07-10,1.5729,1.5729,0.19%,限制大额申购,开放赎回,
2023-07-07,1.5699,1.5699,-1.30%,限制大额申购,开放赎回,
2023-07-06,1.5905,1.5905,0.62%,限制大额申购,开放赎回,
2023-07-05,1.5807,1.5807,-2.25%,限制大额申购,开放赎回,
2023-07-04,1.6171,1.6171,3.18%,限制大额申购,开放赎回,
2023-07-03,1.5672,1.5672,-0.71%,限制大额申购,开放赎回,
2023-06-30,1.5784,1.5784,1.81%,限制大额申购,开放赎回,
2023-06-29,1.5504,1.5504,1.91%,限制大额申购,开放赎回,
2023-06-28,1.5213,1.5213,-2.92%,限制大额申购,开放赎回,
2023-06-27,1.5671,1.5671,0.15%,限制大额申购,开放赎回,
2023-06-26,1.5647,1.5647,-3.62%,限制大额申购,开放赎回,
2023-06-21,1.6234,1.6234,-4.91%,限制大额申购,开放赎回,
2023-06-20,1.7073,1.7073,1.85%,限制大额申购,开放赎回,
2023-06-19,1.6763,1.6763,5.73%,限制大额申购,开放赎回,
2023-06-16,1.5855,1.5855,5.01%,限制大额申购,开放赎回,
2023-06-15,1.5098,1.5098,-1.63%,限制大额申购,开放赎回,
2023-06-14,1.5348,1.5348,3.35%,限制大额申购,开放赎回,
2023-06-13,1.4851,1.4851,3.06%,限制大额申购,开放赎回,
2023-06-12,1.441,1.441,1.82%,限制大额申购,开放赎回,
2023-06-09,1.4152,1.4152,4.54%,限制大额申购,开放赎回,
2023-06-08,1.3537,1.3537,-1.68%,限制大额申购,开放赎回,
2023-06-07,1.3769,1.3769,0.38%,限制大额申购,开放赎回,
2023-06-06,1.3717,1.3717,-3.07%,限制大额申购,开放赎回,
2023-06-05,1.4151,1.4151,0.67%,限制大额申购,开放赎回,
2023-06-02,1.4057,1.4057,-1.58%,限制大额申购,开放赎回,
2023-06-01,1.4283,1.4283,-0.42%,限制大额申购,开放赎回,
2023-05-31,1.4343,1.4343,1.80%,限制大额申购,开放赎回,
2023-05-30,1.4089,1.4089,3.53%,限制大额申购,开放赎回,
2023-05-29,1.3609,1.3609,0.79%,限制大额申购,开放赎回,
2023-05-26,1.3503,1.3503,2.16%,限制大额申购,开放赎回,
2023-05-25,1.3218,1.3218,3.36%,限制大额申购,开放赎回,
2023-05-24,1.2788,1.2788,0.47%,限制大额申购,开放赎回,
2023-05-23,1.2728,1.2728,-1.87%,限制大额申购,开放赎回,
2023-05-22,1.2971,1.2971,-2.85%,限制大额申购,开放赎回,
2023-05-19,1.3352,1.3352,-0.38%,限制大额申购,开放赎回,
2023-05-18,1.3403,1.3403,6.38%,限制大额申购,开放赎回,
2023-05-17,1.2599,1.2599,1.38%,限制大额申购,开放赎回,
2023-05-16,1.2427,1.2427,-1.69%,限制大额申购,开放赎回,
2023-05-15,1.264,1.264,0.60%,限制大额申购,开放赎回,
2023-05-12,1.2564,1.2564,0.06%,开放申购,开放赎回,
2023-05-11,1.2557,1.2557,-1.31%,开放申购,开放赎回,
2023-05-10,1.2724,1.2724,-3.78%,开放申购,开放赎回,
2023-05-09,1.3224,1.3224,0.99%,开放申购,开放赎回,
2023-05-08,1.3095,1.3095,1.32%,开放申购,开放赎回,
2023-05-05,1.2924,1.2924,-3.33%,开放申购,开放赎回,
2023-05-04,1.3369,1.3369,-2.85%,开放申购,开放赎回,
2023-04-28,1.3761,1.3761,5.60%,开放申购,开放赎回,
2023-04-27,1.3031,1.3031,-3.63%,开放申购,开放赎回,
2023-04-26,1.3522,1.3522,-3.89%,开放申购,开放赎回,
2023-04-25,1.4069,1.4069,0.24%,开放申购,开放赎回,
2023-04-24,1.4036,1.4036,-0.38%,开放申购,开放赎回,
2023-04-21,1.409,1.409,-6.44%,开放申购,开放赎回,
2023-04-20,1.506,1.506,6.33%,开放申购,开放赎回,
2023-04-19,1.4164,1.4164,1.24%,开放申购,开放赎回,
2023-04-18,1.3991,1.3991,3.25%,开放申购,开放赎回,
2023-04-17,1.355,1.355,-0.29%,开放申购,开放赎回,
2023-04-14,1.359,1.359,3.20%,开放申购,开放赎回,
2023-04-13,1.3169,1.3169,-5.45%,开放申购,开放赎回,
2023-04-12,1.3928,1.3928,1.44%,开放申购,开放赎回,
2023-04-11,1.373,1.373,0.39%,开放申购,开放赎回,
2023-04-10,1.3676,1.3676,-3.75%,开放申购,开放赎回,
2023-04-07,1.4209,1.4209,1.41%,开放申购,开放赎回,
2023-04-06,1.4011,1.4011,1.29%,开放申购,开放赎回,
2023-04-04,1.3833,1.3833,0.33%,开放申购,开放赎回,
2023-04-03,1.3788,1.3788,7.58%,开放申购,开放赎回,
2023-03-31,1.2816,1.2816,3.08%,开放申购,开放赎回,
2023-03-30,1.2433,1.2433,0.14%,开放申购,开放赎回,
2023-03-29,1.2415,1.2415,3.31%,开放申购,开放赎回,
2023-03-28,1.2017,1.2017,-3.04%,开放申购,开放赎回,
2023-03-27,1.2394,1.2394,-0.07%,开放申购,开放赎回,
2023-03-24,1.2403,1.2403,1.65%,开放申购,开放赎回,
2023-03-23,1.2202,1.2202,5.11%,开放申购,开放赎回,
2023-03-22,1.1609,1.1609,4.43%,开放申购,开放赎回,
2023-03-21,1.1117,1.1117,0.36%,开放申购,开放赎回,
2023-03-20,1.1077,1.1077,0.92%,开放申购,开放赎回,
2023-03-17,1.0976,1.0976,4.27%,开放申购,开放赎回,
2023-03-16,1.0527,1.0527,-1.20%,开放申购,开放赎回,
2023-03-15,1.0655,1.0655,-0.58%,开放申购,开放赎回,
2023-03-14,1.0717,1.0717,1.25%,开放申购,开放赎回,
2023-03-13,1.0585,1.0585,2.71%,开放申购,开放赎回,
2023-03-10,1.0306,1.0306,-1.63%,开放申购,开放赎回,
2023-03-09,1.0477,1.0477,0.57%,开放申购,开放赎回,
2023-03-08,1.0418,1.0418,2.44%,开放申购,开放赎回,
2023-03-07,1.017,1.017,-3.69%,开放申购,开放赎回,
2023-03-06,1.056,1.056,-0.92%,开放申购,开放赎回,
2023-03-03,1.0658,1.0658,-0.04%,开放申购,开放赎回,
2023-03-02,1.0662,1.0662,-0.22%,开放申购,开放赎回,
2023-03-01,1.0686,1.0686,1.89%,开放申购,开放赎回,
2023-02-28,1.0488,1.0488,1.32%,开放申购,开放赎回,
2023-02-27,1.0351,1.0351,-1.56%,开放申购,开放赎回,
2023-02-24,1.0515,1.0515,0.47%,开放申购,开放赎回,
2023-02-23,1.0466,1.0466,-1.21%,开放申购,开放赎回,
2023-02-22,1.0594,1.0594,0.50%,开放申购,开放赎回,
2023-02-21,1.0541,1.0541,-0.89%,开放申购,开放赎回,
2023-02-20,1.0636,1.0636,2.09%,开放申购,开放赎回,
2023-02-17,1.0418,1.0418,-4.02%,开放申购,开放赎回,
2023-02-16,1.0854,1.0854,-2.56%,开放申购,开放赎回,
2023-02-15,1.1139,1.1139,1.55%,开放申购,开放赎回,
2023-02-14,1.0969,1.0969,-0.88%,开放申购,开放赎回,
2023-02-13,1.1066,1.1066,0.77%,开放申购,开放赎回,
2023-02-10,1.0981,1.0981,-1.24%,开放申购,开放赎回,
2023-02-09,1.1119,1.1119,3.23%,开放申购,开放赎回,
2023-02-08,1.0771,1.0771,-0.52%,开放申购,开放赎回,
2023-02-07,1.0827,1.0827,-0.93%,开放申购,开放赎回,
2023-02-06,1.0929,1.0929,-1.30%,开放申购,开放赎回,
2023-02-03,1.1073,1.1073,0.65%,开放申购,开放赎回,
2023-02-02,1.1001,1.1001,0.84%,开放申购,开放赎回,
2023-02-01,1.0909,1.0909,1.78%,开放申购,开放赎回,
2023-01-31,1.0718,1.0718,-2.72%,开放申购,开放赎回,
2023-01-30,1.1018,1.1018,1.32%,开放申购,开放赎回,
2023-01-20,1.0874,1.0874,0.98%,开放申购,开放赎回,
2023-01-19,1.0769,1.0769,2.76%,开放申购,开放赎回,
2023-01-18,1.048,1.048,0.24%,开放申购,开放赎回,
2023-01-17,1.0455,1.0455,1.36%,开放申购,开放赎回,
2023-01-16,1.0315,1.0315,3.75%,开放申购,开放赎回,
2023-01-13,0.9942,0.9942,-0.02%,开放申购,开放赎回,
2023-01-12,0.9944,0.9944,0.51%,开放申购,开放赎回,
2023-01-11,0.9894,0.9894,-1.70%,开放申购,开放赎回,
2023-01-10,1.0065,1.0065,1.29%,开放申购,开放赎回,
2023-01-09,0.9937,0.9937,0.38%,开放申购,开放赎回,
2023-01-06,0.9899,0.9899,0.91%,开放申购,开放赎回,
2023-01-05,0.981,0.981,2.12%,开放申购,开放赎回,
2023-01-04,0.9606,0.9606,-1.26%,开放申购,开放赎回,
2023-01-03,0.9729,0.9729,2.57%,开放申购,开放赎回,
2022-12-31,0.9485,0.9485,0.00%,开放申购,开放赎回,
2022-12-30,0.9485,0.9485,-0.92%,开放申购,开放赎回,
2022-12-29,0.9573,0.9573,0.19%,开放申购,开放赎回,
2022-12-28,0.9555,0.9555,-2.07%,开放申购,开放赎回,
2022-12-27,0.9757,0.9757,0.73%,开放申购,开放赎回,
2022-12-26,0.9686,0.9686,3.53%,开放申购,开放赎回,
2022-12-23,0.9356,0.9356,-2.19%,开放申购,开放赎回,
2022-12-22,0.9565,0.9565,-1.26%,开放申购,开放赎回,
2022-12-21,0.9687,0.9687,-1.36%,开放申购,开放赎回,
2022-12-20,0.9821,0.9821,-0.42%,开放申购,开放赎回,
2022-12-19,0.9862,0.9862,-2.41%,开放申购,开放赎回,
2022-12-16,1.0106,1.0106,-2.49%,开放申购,开放赎回,
2022-12-15,1.0364,1.0364,2.12%,开放申购,开放赎回,
2022-12-14,1.0149,1.0149,0.20%,开放申购,开放赎回,
2022-12-13,1.0129,1.0129,-2.06%,开放申购,开放赎回,
2022-12-12,1.0342,1.0342,2.41%,开放申购,开放赎回,
2022-12-09,1.0099,1.0099,0.09%,开放申购,开放赎回,
2022-12-08,1.009,1.009,-1.29%,开放申购,开放赎回,
2022-12-07,1.0222,1.0222,-1.43%,开放申购,开放赎回,
2022-12-06,1.037,1.037,1.37%,开放申购,开放赎回,
2022-12-05,1.023,1.023,0.37%,开放申购,开放赎回,
2022-12-02,1.0192,1.0192,-1.61%,开放申购,开放赎回,
2022-12-01,1.0359,1.0359,2.30%,开放申购,开放赎回,
2022-11-30,1.0126,1.0126,-0.10%,开放申购,开放赎回,
2022-11-29,1.0136,1.0136,1.68%,开放申购,开放赎回,
2022-11-28,0.9969,0.9969,-1.02%,开放申购,开放赎回,
2022-11-25,1.0072,1.0072,-0.76%,开放申购,开放赎回,
2022-11-24,1.0149,1.0149,-1.75%,开放申购,开放赎回,
2022-11-23,1.033,1.033,-0.58%,开放申购,开放赎回,
2022-11-22,1.039,1.039,-1.28%,开放申购,开放赎回,
2022-11-21,1.0525,1.0525,-1.03%,开放申购,开放赎回,
2022-11-18,1.0634,1.0634,-2.57%,开放申购,开放赎回,
2022-11-17,1.0915,1.0915,2.77%,开放申购,开放赎回,
2022-11-16,1.0621,1.0621,-0.93%,开放申购,开放赎回,
2022-11-15,1.0721,1.0721,4.39%,开放申购,开放赎回,
2022-11-14,1.027,1.027,-0.94%,开放申购,开放赎回,
2022-11-11,1.0367,1.0367,1.17%,开放申购,开放赎回,
2022-11-10,1.0247,1.0247,-2.56%,开放申购,开放赎回,
2022-11-09,1.0516,1.0516,-0.99%,开放申购,开放赎回,
2022-11-08,1.0621,1.0621,0.02%,开放申购,开放赎回,
2022-11-07,1.0619,1.0619,-0.14%,开放申购,开放赎回,
2022-11-04,1.0634,1.0634,4.43%,开放申购,开放赎回,
2022-11-03,1.0183,1.0183,-0.75%,开放申购,开放赎回,
2022-11-02,1.026,1.026,2.85%,开放申购,开放赎回,
2022-11-01,0.9976,0.9976,3.71%,开放申购,开放赎回,
2022-10-31,0.9619,0.9619,2.09%,开放申购,开放赎回,
2022-10-28,0.9422,0.9422,-3.73%,开放申购,开放赎回,
2022-10-27,0.9787,0.9787,0.04%,开放申购,开放赎回,
2022-10-26,0.9783,0.9783,-0.21%,开放申购,开放赎回,
2022-10-25,0.9804,0.9804,0.47%,开放申购,开放赎回,
2022-10-24,0.9758,0.9758,-0.60%,开放申购,开放赎回,
2022-10-21,0.9817,0.9817,-1.81%,开放申购,开放赎回,
2022-10-20,0.9998,0.9998,-1.20%,开放申购,开放赎回,
2022-10-19,1.0119,1.0119,-0.60%,开放申购,开放赎回,
2022-10-18,1.018,1.018,-0.31%,开放申购,开放赎回,
2022-10-17,1.0212,1.0212,-0.63%,开放申购,开放赎回,
2022-10-14,1.0277,1.0277,2.69%,开放申购,开放赎回,
2022-10-13,1.0008,1.0008,-0.56%,开放申购,开放赎回,
2022-10-12,1.0064,1.0064,2.76%,开放申购,开放赎回,
2022-10-11,0.9794,0.9794,1.47%,开放申购,开放赎回,
2022-10-10,0.9652,0.9652,-4.92%,开放申购,开放赎回,
2022-09-30,1.0151,1.0151,-3.45%,开放申购,开放赎回,
2022-09-29,1.0514,1.0514,0.98%,开放申购,开放赎回,
2022-09-28,1.0412,1.0412,-3.74%,开放申购,开放赎回,
2022-09-27,1.0817,1.0817,-0.16%,开放申购,开放赎回,
2022-09-26,1.0834,1.0834,0.82%,开放申购,开放赎回,
2022-09-23,1.0746,1.0746,-2.33%,开放申购,开放赎回,
2022-09-22,1.1002,1.1002,-0.82%,开放申购,开放赎回,
2022-09-21,1.1093,1.1093,-0.64%,开放申购,开放赎回,
2022-09-20,1.1164,1.1164,2.52%,开放申购,开放赎回,
2022-09-19,1.089,1.089,0.61%,开放申购,开放赎回,
2022-09-16,1.0824,1.0824,-2.28%,开放申购,开放赎回,
2022-09-15,1.1076,1.1076,-4.30%,开放申购,开放赎回,
2022-09-14,1.1574,1.1574,-1.16%,开放申购,开放赎回,
2022-09-13,1.171,1.171,0.28%,开放申购,开放赎回,
2022-09-09,1.1677,1.1677,0.73%,开放申购,开放赎回,
2022-09-08,1.1592,1.1592,-1.37%,开放申购,开放赎回,
2022-09-07,1.1753,1.1753,1.46%,开放申购,开放赎回,
2022-09-06,1.1584,1.1584,2.21%,开放申购,开放赎回,
2022-09-05,1.1334,1.1334,-0.47%,开放申购,开放赎回,
2022-09-02,1.1388,1.1388,-0.09%,开放申购,开放赎回,
2022-09-01,1.1398,1.1398,-2.28%,开放申购,开放赎回,
2022-08-31,1.1664,1.1664,-2.27%,开放申购,开放赎回,
2022-08-30,1.1935,1.1935,-0.25%,开放申购,开放赎回,
2022-08-29,1.1965,1.1965,-0.33%,开放申购,开放赎回,
2022-08-26,1.2005,1.2005,1.14%,开放申购,开放赎回,
2022-08-25,1.187,1.187,-2.39%,开放申购,开放赎回,
2022-08-24,1.2161,1.2161,-3.65%,开放申购,开放赎回,
2022-08-23,1.2622,1.2622,-0.69%,开放申购,开放赎回,
2022-08-22,1.271,1.271,3.48%,开放申购,开放赎回,
2022-08-19,1.2282,1.2282,-3.32%,开放申购,开放赎回,
2022-08-18,1.2704,1.2704,0.10%,开放申购,开放赎回,
2022-08-17,1.2691,1.2691,-0.14%,开放申购,开放赎回,
2022-08-16,1.2709,1.2709,-0.02%,开放申购,开放赎回,
2022-08-15,1.2712,1.2712,0.14%,开放申购,开放赎回,
2022-08-12,1.2694,1.2694,-1.74%,开放申购,开放赎回,
2022-08-11,1.2919,1.2919,1.37%,开放申购,开放赎回,
2022-08-10,1.2745,1.2745,-2.70%,开放申购,开放赎回,
2022-08-09,1.3099,1.3099,0.53%,开放申购,开放赎回,
2022-08-08,1.303,1.303,0.98%,开放申购,开放赎回,
2022-08-05,1.2903,1.2903,3.39%,开放申购,开放赎回,
2022-08-04,1.248,1.248,1.52%,开放申购,开放赎回,
2022-08-03,1.2293,1.2293,-0.21%,开放申购,开放赎回,
2022-08-02,1.2319,1.2319,-2.26%,开放申购,开放赎回,
2022-08-01,1.2604,1.2604,1.62%,开放申购,开放赎回,
2022-07-29,1.2403,1.2403,-0.77%,开放申购,开放赎回,
2022-07-28,1.2499,1.2499,-0.30%,开放申购,开放赎回,
2022-07-27,1.2537,1.2537,-0.43%,开放申购,开放赎回,
2022-07-26,1.2591,1.2591,1.68%,开放申购,开放赎回,
2022-07-25,1.2383,1.2383,-1.68%,开放申购,开放赎回,
2022-07-22,1.2595,1.2595,-0.40%,开放申购,开放赎回,
2022-07-21,1.2645,1.2645,-0.56%,开放申购,开放赎回,
2022-07-20,1.2716,1.2716,0.08%,开放申购,开放赎回,
2022-07-19,1.2706,1.2706,-0.03%,开放申购,开放赎回,
2022-07-18,1.271,1.271,1.09%,开放申购,开放赎回,
2022-07-15,1.2573,1.2573,0.42%,开放申购,开放赎回,
2022-07-14,1.252,1.252,0.57%,开放申购,开放赎回,
2022-07-13,1.2449,1.2449,-0.05%,开放申购,开放赎回,
2022-07-12,1.2455,1.2455,-2.38%,开放申购,开放赎回,
2022-07-11,1.2759,1.2759,-3.29%,开放申购,开放赎回,
2022-07-08,1.3193,1.3193,-0.98%,开放申购,开放赎回,
2022-07-07,1.3323,1.3323,1.42%,开放申购,开放赎回,
2022-07-06,1.3136,1.3136,0.70%,开放申购,开放赎回,
2022-07-05,1.3045,1.3045,-0.76%,开放申购,开放赎回,
2022-07-04,1.3145,1.3145,0.13%,开放申购,开放赎回,
2022-07-01,1.3128,1.3128,0.88%,开放申购,开放赎回,
2022-06-30,1.3013,1.3013,1.89%,开放申购,开放赎回,
2022-06-29,1.2772,1.2772,-1.96%,开放申购,开放赎回,
2022-06-28,1.3027,1.3027,2.24%,开放申购,开放赎回,
2022-06-27,1.2741,1.2741,1.65%,开放申购,开放赎回,
2022-06-24,1.2534,1.2534,1.61%,开放申购,开放赎回,
2022-06-23,1.2336,1.2336,2.96%,开放申购,开放赎回,
2022-06-22,1.1981,1.1981,-1.60%,开放申购,开放赎回,
2022-06-21,1.2176,1.2176,-2.05%,开放申购,开放赎回,
2022-06-20,1.2431,1.2431,1.88%,开放申购,开放赎回,
2022-06-17,1.2202,1.2202,1.68%,开放申购,开放赎回,
2022-06-16,1.2,1.2,0.20%,开放申购,开放赎回,
2022-06-15,1.1976,1.1976,-0.34%,开放申购,开放赎回,
2022-06-14,1.2017,1.2017,-0.32%,开放申购,开放赎回,
2022-06-13,1.2056,1.2056,1.24%,开放申购,开放赎回,
2022-06-10,1.1908,1.1908,2.46%,开放申购,开放赎回,
2022-06-09,1.1622,1.1622,-2.97%,开放申购,开放赎回,
2022-06-08,1.1978,1.1978,0.74%,开放申购,开放赎回,
2022-06-07,1.189,1.189,-1.39%,开放申购,开放赎回,
2022-06-06,1.2058,1.2058,5.37%,开放申购,开放赎回,
2022-06-02,1.1443,1.1443,2.05%,开放申购,开放赎回,
2022-06-01,1.1213,1.1213,0.07%,开放申购,开放赎回,
2022-05-31,1.1205,1.1205,1.28%,开放申购,开放赎回,
2022-05-30,1.1063,1.1063,2.45%,开放申购,开放赎回,
2022-05-27,1.0798,1.0798,-0.40%,开放申购,开放赎回,
2022-05-26,1.0841,1.0841,-0.30%,开放申购,开放赎回,
2022-05-25,1.0874,1.0874,-0.46%,开放申购,开放赎回,
2022-05-24,1.0924,1.0924,-3.66%,开放申购,开放赎回,
2022-05-23,1.1339,1.1339,1.90%,开放申购,开放赎回,
2022-05-20,1.1128,1.1128,0.42%,开放申购,开放赎回,
2022-05-19,1.1081,1.1081,2.00%,开放申购,开放赎回,
2022-05-18,1.0864,1.0864,0.30%,开放申购,开放赎回,
2022-05-17,1.0832,1.0832,4.31%,开放申购,开放赎回,
2022-05-16,1.0384,1.0384,-1.12%,开放申购,开放赎回,
2022-05-13,1.0502,1.0502,0.89%,开放申购,开放赎回,
2022-05-12,1.0409,1.0409,-0.84%,开放申购,开放赎回,
2022-05-11,1.0497,1.0497,4.42%,开放申购,开放赎回,
2022-05-10,1.0053,1.0053,3.79%,开放申购,开放赎回,
2022-05-09,0.9686,0.9686,-1.41%,开放申购,开放赎回,
2022-05-06,0.9825,0.9825,-2.37%,开放申购,开放赎回,
2022-05-05,1.0063,1.0063,-0.46%,开放申购,开放赎回,
2022-04-29,1.0109,1.0109,4.71%,开放申购,开放赎回,
2022-04-28,0.9654,0.9654,0.96%,开放申购,开放赎回,
2022-04-27,0.9562,0.9562,8.20%,开放申购,开放赎回,
2022-04-26,0.8837,0.8837,-2.49%,开放申购,开放赎回,
2022-04-25,0.9063,0.9063,-6.67%,开放申购,开放赎回,
2022-04-22,0.9711,0.9711,-1.97%,开放申购,开放赎回,
2022-04-21,0.9906,0.9906,-2.12%,开放申购,开放赎回,
2022-04-20,1.0121,1.0121,-2.37%,开放申购,开放赎回,
2022-04-19,1.0367,1.0367,-1.76%,开放申购,开放赎回,
2022-04-18,1.0553,1.0553,2.89%,开放申购,开放赎回,
2022-04-15,1.0257,1.0257,-0.05%,开放申购,开放赎回,
2022-04-14,1.0262,1.0262,0.77%,开放申购,开放赎回,
2022-04-13,1.0184,1.0184,-1.33%,开放申购,开放赎回,
2022-04-12,1.0321,1.0321,0.99%,开放申购,开放赎回,
2022-04-11,1.022,1.022,-6.23%,开放申购,开放赎回,
2022-04-08,1.0899,1.0899,-1.30%,开放申购,开放赎回,
2022-04-07,1.1042,1.1042,-1.08%,开放申购,开放赎回,
2022-04-06,1.1163,1.1163,-3.09%,开放申购,开放赎回,
2022-04-01,1.1519,1.1519,0.69%,开放申购,开放赎回,
2022-03-31,1.144,1.144,-3.03%,开放申购,开放赎回,
2022-03-30,1.1798,1.1798,3.45%,开放申购,开放赎回,
2022-03-29,1.1405,1.1405,-0.43%,开放申购,开放赎回,
2022-03-28,1.1454,1.1454,-2.49%,开放申购,开放赎回,
2022-03-25,1.1746,1.1746,-1.91%,开放申购,开放赎回,
2022-03-24,1.1975,1.1975,-1.11%,开放申购,开放赎回,
2022-03-23,1.2109,1.2109,-0.59%,开放申购,开放赎回,
2022-03-22,1.2181,1.2181,-0.33%,开放申购,开放赎回,
2022-03-21,1.2221,1.2221,0.61%,开放申购,开放赎回,
2022-03-18,1.2147,1.2147,-1.09%,开放申购,开放赎回,
2022-03-17,1.2281,1.2281,1.65%,开放申购,开放赎回,
2022-03-16,1.2082,1.2082,5.66%,开放申购,开放赎回,
2022-03-15,1.1435,1.1435,-1.60%,开放申购,开放赎回,
2022-03-14,1.1621,1.1621,-2.45%,开放申购,开放赎回,
2022-03-11,1.1913,1.1913,-0.72%,开放申购,开放赎回,
2022-03-10,1.1999,1.1999,2.65%,开放申购,开放赎回,
2022-03-09,1.1689,1.1689,1.32%,开放申购,开放赎回,
2022-03-08,1.1537,1.1537,-1.74%,开放申购,开放赎回,
2022-03-07,1.1741,1.1741,-4.23%,开放申购,开放赎回,
2022-03-04,1.226,1.226,-1.26%,开放申购,开放赎回,
2022-03-03,1.2416,1.2416,-2.66%,开放申购,开放赎回,
2022-03-02,1.2755,1.2755,-2.01%,开放申购,开放赎回,
2022-03-01,1.3017,1.3017,-1.29%,开放申购,开放赎回,
2022-02-28,1.3187,1.3187,0.53%,开放申购,开放赎回,
2022-02-25,1.3118,1.3118,1.34%,开放申购,开放赎回,
2022-02-24,1.2945,1.2945,-1.50%,开放申购,开放赎回,
2022-02-23,1.3142,1.3142,4.14%,开放申购,开放赎回,
2022-02-22,1.2619,1.2619,0.72%,开放申购,开放赎回,
2022-02-21,1.2529,1.2529,-0.39%,开放申购,开放赎回,
2022-02-18,1.2578,1.2578,-1.38%,开放申购,开放赎回,
2022-02-17,1.2754,1.2754,3.74%,开放申购,开放赎回,
2022-02-16,1.2294,1.2294,-0.21%,开放申购,开放赎回,
2022-02-15,1.232,1.232,3.84%,开放申购,开放赎回,
2022-02-14,1.1864,1.1864,0.96%,开放申购,开放赎回,
2022-02-11,1.1751,1.1751,-1.34%,开放申购,开放赎回,
2022-02-10,1.1911,1.1911,-1.68%,开放申购,开放赎回,
2022-02-09,1.2115,1.2115,1.02%,开放申购,开放赎回,
2022-02-08,1.1993,1.1993,-4.14%,开放申购,开放赎回,
2022-02-07,1.2511,1.2511,-0.55%,开放申购,开放赎回,
2022-01-28,1.258,1.258,-1.38%,开放申购,开放赎回,
2022-01-27,1.2756,1.2756,-2.30%,开放申购,开放赎回,
2022-01-26,1.3056,1.3056,1.04%,开放申购,开放赎回,
2022-01-25,1.2921,1.2921,-2.48%,开放申购,开放赎回,
2022-01-24,1.3249,1.3249,3.07%,开放申购,开放赎回,
2022-01-21,1.2854,1.2854,-1.27%,开放申购,开放赎回,
2022-01-20,1.3019,1.3019,-0.82%,开放申购,开放赎回,
2022-01-19,1.3127,1.3127,-2.71%,开放申购,开放赎回,
2022-01-18,1.3493,1.3493,-0.02%,开放申购,开放赎回,
2022-01-17,1.3496,1.3496,2.21%,开放申购,开放赎回,
2022-01-14,1.3204,1.3204,2.44%,开放申购,开放赎回,
2022-01-13,1.2889,1.2889,-2.24%,开放申购,开放赎回,
2022-01-12,1.3184,1.3184,2.74%,开放申购,开放赎回,
2022-01-11,1.2833,1.2833,-1.81%,开放申购,开放赎回,
2022-01-10,1.3069,1.3069,0.25%,开放申购,开放赎回,
2022-01-07,1.3037,1.3037,-2.58%,开放申购,开放赎回,
2022-01-06,1.3382,1.3382,-0.11%,开放申购,开放赎回,
2022-01-05,1.3397,1.3397,-4.37%,开放申购,开放赎回,
2022-01-04,1.4009,1.4009,-1.35%,开放申购,开放赎回,
2021-12-31,1.4201,1.4201,0.20%,开放申购,开放赎回,
2021-12-30,1.4173,1.4173,1.34%,开放申购,开放赎回,
2021-12-29,1.3985,1.3985,-0.90%,开放申购,开放赎回,
2021-12-28,1.4112,1.4112,1.01%,开放申购,开放赎回,
2021-12-27,1.3971,1.3971,-1.43%,开放申购,开放赎回,
2021-12-24,1.4174,1.4174,-0.94%,开放申购,开放赎回,
2021-12-23,1.4308,1.4308,0.95%,开放申购,开放赎回,
2021-12-22,1.4173,1.4173,3.05%,开放申购,开放赎回,
2021-12-21,1.3754,1.3754,1.82%,开放申购,开放赎回,
2021-12-20,1.3508,1.3508,-3.43%,开放申购,开放赎回,
2021-12-17,1.3988,1.3988,-2.30%,开放申购,开放赎回,
2021-12-16,1.4317,1.4317,0.60%,开放申购,开放赎回,
2021-12-15,1.4232,1.4232,-1.17%,开放申购,开放赎回,
2021-12-14,1.44,1.44,-0.21%,开放申购,开放赎回,
2021-12-13,1.443,1.443,0.57%,开放申购,开放赎回,
2021-12-10,1.4348,1.4348,0.04%,开放申购,开放赎回,
2021-12-09,1.4342,1.4342,-0.49%,开放申购,开放赎回,
2021-12-08,1.4412,1.4412,3.13%,开放申购,开放赎回,
2021-12-07,1.3974,1.3974,-2.65%,开放申购,开放赎回,
2021-12-06,1.4354,1.4354,-1.63%,开放申购,开放赎回,
2021-12-03,1.4592,1.4592,0.66%,开放申购,开放赎回,
2021-12-02,1.4496,1.4496,0.88%,开放申购,开放赎回,
2021-12-01,1.437,1.437,-0.74%,开放申购,开放赎回,
2021-11-30,1.4477,1.4477,-0.89%,开放申购,开放赎回,
2021-11-29,1.4607,1.4607,1.95%,开放申购,开放赎回,
2021-11-26,1.4327,1.4327,-0.23%,开放申购,开放赎回,
2021-11-25,1.436,1.436,0.06%,开放申购,开放赎回,
2021-11-24,1.4352,1.4352,-1.21%,开放申购,开放赎回,
2021-11-23,1.4528,1.4528,-0.29%,开放申购,开放赎回,
2021-11-22,1.457,1.457,4.33%,开放申购,开放赎回,
2021-11-19,1.3965,1.3965,1.19%,开放申购,开放赎回,
2021-11-18,1.3801,1.3801,-0.42%,开放申购,开放赎回,
2021-11-17,1.3859,1.3859,1.41%,开放申购,开放赎回,
2021-11-16,1.3666,1.3666,-0.52%,开放申购,开放赎回,
2021-11-15,1.3737,1.3737,-1.49%,开放申购,开放赎回,
2021-11-12,1.3945,1.3945,-0.21%,开放申购,开放赎回,
2021-11-11,1.3974,1.3974,0.37%,开放申购,开放赎回,
2021-11-10,1.3923,1.3923,-1.28%,开放申购,开放赎回,
2021-11-09,1.4103,1.4103,0.97%,开放申购,开放赎回,
2021-11-08,1.3968,1.3968,1.74%,开放申购,开放赎回,
2021-11-05,1.3729,1.3729,-0.13%,开放申购,开放赎回,
2021-11-04,1.3747,1.3747,1.16%,开放申购,开放赎回,
2021-11-03,1.359,1.359,-1.34%,开放申购,开放赎回,
2021-11-02,1.3774,1.3774,0.82%,开放申购,开放赎回,
2021-11-01,1.3662,1.3662,-0.77%,开放申购,开放赎回,
2021-10-29,1.3768,1.3768,1.52%,开放申购,开放赎回,
2021-10-28,1.3562,1.3562,-1.06%,开放申购,开放赎回,
2021-10-27,1.3707,1.3707,1.05%,开放申购,开放赎回,
2021-10-26,1.3565,1.3565,0.92%,开放申购,开放赎回,
2021-10-25,1.3441,1.3441,2.04%,开放申购,开放赎回,
2021-10-22,1.3172,1.3172,-0.33%,开放申购,开放赎回,
2021-10-21,1.3216,1.3216,-1.39%,开放申购,开放赎回,
2021-10-20,1.3402,1.3402,1.44%,开放申购,开放赎回,
2021-10-19,1.3212,1.3212,0.77%,开放申购,开放赎回,
2021-10-18,1.3111,1.3111,1.30%,开放申购,开放赎回,
2021-10-15,1.2943,1.2943,3.02%,开放申购,开放赎回,
2021-10-14,1.2564,1.2564,0.70%,开放申购,开放赎回,
2021-10-13,1.2477,1.2477,3.80%,开放申购,开放赎回,
2021-10-12,1.202,1.202,-3.39%,开放申购,开放赎回,
2021-10-11,1.2442,1.2442,-0.35%,开放申购,开放赎回,
2021-10-08,1.2486,1.2486,-2.29%,开放申购,开放赎回,
2021-09-30,1.2779,1.2779,3.19%,开放申购,开放赎回,
2021-09-29,1.2384,1.2384,-1.75%,开放申购,开放赎回,
2021-09-28,1.2604,1.2604,-1.49%,开放申购,开放赎回,
2021-09-27,1.2794,1.2794,-1.72%,开放申购,开放赎回,
2021-09-24,1.3018,1.3018,-0.53%,开放申购,开放赎回,
2021-09-23,1.3087,1.3087,-0.24%,开放申购,开放赎回,
2021-09-22,1.3119,1.3119,-0.66%,开放申购,开放赎回,
2021-09-17,1.3206,1.3206,1.02%,开放申购,开放赎回,
2021-09-16,1.3073,1.3073,-4.02%,开放申购,开放赎回,
2021-09-15,1.362,1.362,0.68%,开放申购,开放赎回,
2021-09-14,1.3528,1.3528,1.42%,开放申购,开放赎回,
2021-09-13,1.3339,1.3339,-0.03%,开放申购,开放赎回,
2021-09-10,1.3343,1.3343,1.24%,开放申购,开放赎回,
2021-09-09,1.3179,1.3179,-0.18%,开放申购,开放赎回,
2021-09-08,1.3203,1.3203,0.05%,开放申购,开放赎回,
2021-09-07,1.3196,1.3196,1.72%,开放申购,开放赎回,
2021-09-06,1.2973,1.2973,2.69%,开放申购,开放赎回,
2021-09-03,1.2633,1.2633,-3.01%,开放申购,开放赎回,
2021-09-02,1.3025,1.3025,-0.90%,开放申购,开放赎回,
2021-09-01,1.3143,1.3143,-2.75%,开放申购,开放赎回,
2021-08-31,1.3515,1.3515,-1.23%,开放申购,开放赎回,
2021-08-30,1.3683,1.3683,2.12%,开放申购,开放赎回,
2021-08-27,1.3399,1.3399,2.49%,开放申购,开放赎回,
2021-08-26,1.3073,1.3073,-1.07%,开放申购,开放赎回,
2021-08-25,1.3215,1.3215,-1.09%,开放申购,开放赎回,
2021-08-24,1.3361,1.3361,1.10%,开放申购,开放赎回,
2021-08-23,1.3215,1.3215,2.28%,开放申购,开放赎回,
2021-08-20,1.292,1.292,0.81%,开放申购,开放赎回,
2021-08-19,1.2816,1.2816,3.24%,开放申购,开放赎回,
2021-08-18,1.2414,1.2414,2.18%,开放申购,开放赎回,
2021-08-17,1.2149,1.2149,-1.71%,开放申购,开放赎回,
2021-08-16,1.236,1.236,-3.13%,开放申购,开放赎回,
2021-08-13,1.276,1.276,-1.73%,开放申购,开放赎回,
2021-08-12,1.2984,1.2984,0.05%,开放申购,开放赎回,
2021-08-11,1.2978,1.2978,0.80%,开放申购,开放赎回,
2021-08-10,1.2875,1.2875,-0.85%,开放申购,开放赎回,
2021-08-09,1.2985,1.2985,-2.70%,开放申购,开放赎回,
2021-08-06,1.3346,1.3346,1.43%,开放申购,开放赎回,
2021-08-05,1.3158,1.3158,0.16%,开放申购,开放赎回,
2021-08-04,1.3137,1.3137,5.25%,开放申购,开放赎回,
2021-08-03,1.2482,1.2482,-4.61%,开放申购,开放赎回,
2021-08-02,1.3085,1.3085,0.61%,开放申购,开放赎回,
2021-07-30,1.3006,1.3006,0.52%,开放申购,开放赎回,
2021-07-29,1.2939,1.2939,5.34%,开放申购,开放赎回,
2021-07-28,1.2283,1.2283,-0.82%,开放申购,开放赎回,
2021-07-27,1.2385,1.2385,-3.56%,开放申购,开放赎回,
2021-07-26,1.2842,1.2842,1.18%,开放申购,开放赎回,
2021-07-23,1.2692,1.2692,-0.45%,开放申购,开放赎回,
2021-07-22,1.275,1.275,0.93%,开放申购,开放赎回,
2021-07-21,1.2633,1.2633,2.00%,开放申购,开放赎回,
2021-07-20,1.2385,1.2385,2.23%,开放申购,开放赎回,
2021-07-19,1.2115,1.2115,-0.53%,开放申购,开放赎回,
2021-07-16,1.218,1.218,-1.45%,开放申购,开放赎回,
2021-07-15,1.2359,1.2359,1.57%,开放申购,开放赎回,
2021-07-14,1.2168,1.2168,-1.56%,开放申购,开放赎回,
2021-07-13,1.2361,1.2361,-1.19%,开放申购,开放赎回,
2021-07-12,1.251,1.251,3.09%,开放申购,开放赎回,
2021-07-09,1.2135,1.2135,0.06%,开放申购,开放赎回,
2021-07-08,1.2128,1.2128,1.52%,开放申购,开放赎回,
2021-07-07,1.1947,1.1947,3.68%,开放申购,开放赎回,
2021-07-06,1.1523,1.1523,-0.79%,开放申购,开放赎回,
2021-07-05,1.1615,1.1615,2.75%,开放申购,开放赎回,
2021-07-02,1.1304,1.1304,-1.69%,开放申购,开放赎回,
2021-07-01,1.1498,1.1498,-0.54%,开放申购,开放赎回,
2021-06-30,1.156,1.156,2.44%,开放申购,开放赎回,
2021-06-29,1.1285,1.1285,-0.70%,开放申购,开放赎回,
2021-06-28,1.1364,1.1364,1.65%,开放申购,开放赎回,
2021-06-25,1.1179,1.1179,0.95%,开放申购,开放赎回,
2021-06-24,1.1074,1.1074,-1.24%,开放申购,开放赎回,
2021-06-23,1.1213,1.1213,3.16%,开放申购,开放赎回,
2021-06-22,1.0869,1.0869,0.71%,开放申购,开放赎回,
2021-06-21,1.0792,1.0792,1.69%,开放申购,开放赎回,
2021-06-18,1.0613,1.0613,2.48%,开放申购,开放赎回,
2021-06-17,1.0356,1.0356,3.66%,开放申购,开放赎回,
2021-06-16,0.999,0.999,-4.26%,开放申购,开放赎回,
2021-06-15,1.0435,1.0435,0.30%,开放申购,开放赎回,
2021-06-11,1.0404,1.0404,-0.34%,开放申购,开放赎回,
2021-06-10,1.0439,1.0439,1.51%,开放申购,开放赎回,
2021-06-09,1.0284,1.0284,0.82%,开放申购,开放赎回,
2021-06-08,1.02,1.02,-1.34%,开放申购,开放赎回,
2021-06-07,1.0339,1.0339,0.52%,开放申购,开放赎回,
2021-06-04,1.0286,1.0286,1.45%,开放申购,开放赎回,
2021-06-03,1.0139,1.0139,-0.25%,开放申购,开放赎回,
2021-06-02,1.0164,1.0164,-1.33%,开放申购,开放赎回,
2021-06-01,1.0301,1.0301,-0.11%,开放申购,开放赎回,
2021-05-31,1.0312,1.0312,3.33%,开放申购,开放赎回,
2021-05-28,0.998,0.998,1.13%,开放申购,开放赎回,
2021-05-27,0.9868,0.9868,1.61%,开放申购,开放赎回,
2021-05-26,0.9712,0.9712,-1.58%,开放申购,开放赎回,
2021-05-25,0.9868,0.9868,3.11%,开放申购,开放赎回,
2021-05-24,0.957,0.957,1.25%,开放申购,开放赎回,
2021-05-21,0.9452,0.9452,-0.87%,开放申购,开放赎回,
2021-05-20,0.9535,0.9535,0.60%,开放申购,开放赎回,
2021-05-19,0.9478,0.9478,2.21%,开放申购,开放赎回,
2021-05-18,0.9273,0.9273,-0.10%,开放申购,开放赎回,
2021-05-17,0.9282,0.9282,3.17%,开放申购,开放赎回,
2021-05-14,0.8997,0.8997,2.51%,开放申购,开放赎回,
2021-05-13,0.8777,0.8777,-1.20%,开放申购,开放赎回,
2021-05-12,0.8884,0.8884,0.69%,开放申购,开放赎回,
2021-05-11,0.8823,0.8823,0.11%,开放申购,开放赎回,
2021-05-10,0.8813,0.8813,-1.00%,开放申购,开放赎回,
2021-05-07,0.8902,0.8902,-3.58%,开放申购,开放赎回,
2021-05-06,0.9233,0.9233,-1.88%,开放申购,开放赎回,
2021-04-30,0.941,0.941,0.04%,开放申购,开放赎回,
2021-04-29,0.9406,0.9406,-0.08%,开放申购,开放赎回,
2021-04-28,0.9414,0.9414,1.58%,开放申购,开放赎回,
2021-04-27,0.9268,0.9268,0.50%,开放申购,开放赎回,
2021-04-26,0.9222,0.9222,-0.71%,开放申购,开放赎回,
2021-04-23,0.9288,0.9288,0.91%,开放申购,开放赎回,
2021-04-22,0.9204,0.9204,0.88%,开放申购,开放赎回,
2021-04-21,0.9124,0.9124,0.55%,开放申购,开放赎回,
2021-04-20,0.9074,0.9074,-0.32%,开放申购,开放赎回,
2021-04-19,0.9103,0.9103,4.63%,开放申购,开放赎回,
2021-04-16,0.87,0.87,-0.42%,开放申购,开放赎回,
2021-04-15,0.8737,0.8737,-0.24%,开放申购,开放赎回,
2021-04-14,0.8758,0.8758,2.47%,开放申购,开放赎回,
2021-04-13,0.8547,0.8547,1.14%,开放申购,开放赎回,
2021-04-12,0.8451,0.8451,-3.13%,开放申购,开放赎回,
2021-04-09,0.8724,0.8724,-0.99%,开放申购,开放赎回,
2021-04-08,0.8811,0.8811,-0.10%,开放申购,开放赎回,
2021-04-07,0.882,0.882,-0.51%,开放申购,开放赎回,
2021-04-06,0.8865,0.8865,0.05%,开放申购,开放赎回,
2021-04-02,0.8861,0.8861,1.89%,开放申购,开放赎回,
2021-04-01,0.8697,0.8697,2.09%,开放申购,开放赎回,
2021-03-31,0.8519,0.8519,-1.42%,开放申购,开放赎回,
2021-03-30,0.8642,0.8642,1.32%,开放申购,开放赎回,
2021-03-29,0.8529,0.8529,0.21%,开放申购,开放赎回,
2021-03-26,0.8511,0.8511,3.40%,开放申购,开放赎回,
2021-03-25,0.8231,0.8231,1.97%,开放申购,开放赎回,
2021-03-24,0.8072,0.8072,-1.49%,开放申购,开放赎回,
2021-03-23,0.8194,0.8194,-1.88%,开放申购,开放赎回,
2021-03-22,0.8351,0.8351,0.11%,开放申购,开放赎回,
2021-03-19,0.8342,0.8342,-3.05%,开放申购,开放赎回,
2021-03-18,0.8604,0.8604,0.84%,开放申购,开放赎回,
2021-03-17,0.8532,0.8532,1.67%,开放申购,开放赎回,
2021-03-16,0.8392,0.8392,0.29%,开放申购,开放赎回,
2021-03-15,0.8368,0.8368,-4.12%,开放申购,开放赎回,
2021-03-12,0.8728,0.8728,-0.77%,开放申购,开放赎回,
2021-03-11,0.8796,0.8796,1.43%,开放申购,开放赎回,
2021-03-10,0.8672,0.8672,0.10%,开放申购,开放赎回,
2021-03-09,0.8663,0.8663,-2.23%,开放申购,开放赎回,
2021-03-08,0.8861,0.8861,-4.22%,开放申购,开放赎回,
2021-03-05,0.9251,0.9251,0.86%,开放申购,开放赎回,
2021-03-04,0.9172,0.9172,-3.80%,开放申购,开放赎回,
2021-03-03,0.9534,0.9534,0.73%,开放申购,开放赎回,
2021-03-02,0.9465,0.9465,0.24%,开放申购,开放赎回,
2021-03-01,0.9442,0.9442,3.44%,开放申购,开放赎回,
2021-02-26,0.9128,0.9128,-2.54%,开放申购,开放赎回,
2021-02-25,0.9366,0.9366,0.28%,开放申购,开放赎回,
2021-02-24,0.934,0.934,-1.69%,开放申购,开放赎回,
2021-02-23,0.9501,0.9501,-0.89%,开放申购,开放赎回,
2021-02-22,0.9586,0.9586,-2.40%,开放申购,开放赎回,
2021-02-19,0.9822,0.9822,0.24%,开放申购,开放赎回,
2021-02-18,0.9798,0.9798,-1.70%,开放申购,开放赎回,
2021-02-10,0.9967,0.9967,2.05%,开放申购,开放赎回,
2021-02-09,0.9767,0.9767,3.06%,开放申购,开放赎回,
2021-02-08,0.9477,0.9477,1.29%,开放申购,开放赎回,
2021-02-05,0.9356,0.9356,-1.40%,开放申购,开放赎回,
2021-02-04,0.9489,0.9489,-2.81%,开放申购,开放赎回,
2021-02-03,0.9763,0.9763,-2.15%,开放申购,开放赎回,
2021-02-02,0.9978,0.9978,0.74%,开放申购,开放赎回,
2021-02-01,0.9905,0.9905,0.95%,开放申购,开放赎回,
2021-01-29,0.9812,0.9812,-1.30%,开放申购,开放赎回,
2021-01-28,0.9941,0.9941,-3.94%,开放申购,开放赎回,
2021-01-27,1.0349,1.0349,0.11%,开放申购,开放赎回,
2021-01-26,1.0338,1.0338,-2.81%,开放申购,开放赎回,
2021-01-25,1.0637,1.0637,-0.71%,开放申购,开放赎回,
2021-01-22,1.0713,1.0713,-0.44%,开放申购,开放赎回,
2021-01-21,1.076,1.076,1.69%,开放申购,开放赎回,
2021-01-20,1.0581,1.0581,1.54%,开放申购,开放赎回,
2021-01-19,1.0421,1.0421,-2.25%,开放申购,开放赎回,
2021-01-18,1.0661,1.0661,2.05%,开放申购,开放赎回,
2021-01-15,1.0447,1.0447,-0.85%,开放申购,开放赎回,
2021-01-14,1.0537,1.0537,-1.48%,开放申购,开放赎回,
2021-01-13,1.0695,1.0695,-0.12%,开放申购,开放赎回,
2021-01-12,1.0708,1.0708,2.38%,开放申购,开放赎回,
2021-01-11,1.0459,1.0459,-0.17%,开放申购,开放赎回,
2021-01-08,1.0477,1.0477,-0.87%,开放申购,开放赎回,
2021-01-07,1.0569,1.0569,1.77%,开放申购,开放赎回,
2021-01-06,1.0385,1.0385,-0.94%,开放申购,开放赎回,
2021-01-05,1.0484,1.0484,2.41%,开放申购,开放赎回,
2021-01-04,1.0237,1.0237,3.03%,开放申购,开放赎回,
2020-12-31,0.9936,0.9936,1.87%,开放申购,开放赎回,
2020-12-30,0.9754,0.9754,1.90%,开放申购,开放赎回,
2020-12-29,0.9572,0.9572,-1.56%,开放申购,开放赎回,
2020-12-28,0.9724,0.9724,-1.03%,开放申购,开放赎回,
2020-12-25,0.9825,0.9825,2.26%,开放申购,开放赎回,
2020-12-24,0.9608,0.9608,-0.71%,开放申购,开放赎回,
2020-12-23,0.9677,0.9677,1.93%,开放申购,开放赎回,
2020-12-22,0.9494,0.9494,-1.44%,开放申购,开放赎回,
2020-12-21,0.9633,0.9633,2.89%,开放申购,开放赎回,
2020-12-18,0.9362,0.9362,0.94%,开放申购,开放赎回,
2020-12-17,0.9275,0.9275,0.97%,开放申购,开放赎回,
2020-12-16,0.9186,0.9186,-0.48%,开放申购,开放赎回,
2020-12-15,0.923,0.923,0.89%,开放申购,开放赎回,
2020-12-14,0.9149,0.9149,1.00%,开放申购,开放赎回,
2020-12-11,0.9058,0.9058,-1.15%,开放申购,开放赎回,
2020-12-10,0.9163,0.9163,0.24%,开放申购,开放赎回,
2020-12-09,0.9141,0.9141,-1.57%,开放申购,开放赎回,
2020-12-08,0.9287,0.9287,0.99%,开放申购,开放赎回,
2020-12-07,0.9196,0.9196,0.88%,开放申购,开放赎回,
2020-12-04,0.9116,0.9116,0.95%,开放申购,开放赎回,
2020-12-03,0.903,0.903,-0.31%,开放申购,开放赎回,
2020-12-02,0.9058,0.9058,-0.22%,开放申购,开放赎回,
2020-12-01,0.9078,0.9078,1.57%,开放申购,开放赎回,
2020-11-30,0.8938,0.8938,1.44%,开放申购,开放赎回,
2020-11-27,0.8811,0.8811,1.35%,开放申购,开放赎回,
2020-11-26,0.8694,0.8694,-0.90%,开放申购,开放赎回,
2020-11-25,0.8773,0.8773,-1.57%,开放申购,开放赎回,
2020-11-24,0.8913,0.8913,0.01%,开放申购,开放赎回,
2020-11-23,0.8912,0.8912,1.03%,开放申购,开放赎回,
2020-11-20,0.8821,0.8821,1.26%,开放申购,开放赎回,
2020-11-19,0.8711,0.8711,0.71%,开放申购,开放赎回,
2020-11-18,0.865,0.865,-1.69%,开放申购,开放赎回,
2020-11-17,0.8799,0.8799,-1.33%,开放申购,开放赎回,
2020-11-16,0.8918,0.8918,-0.78%,开放申购,开放赎回,
2020-11-13,0.8988,0.8988,-0.51%,开放申购,开放赎回,
2020-11-12,0.9034,0.9034,1.22%,开放申购,开放赎回,
2020-11-11,0.8925,0.8925,-2.63%,开放申购,开放赎回,
2020-11-10,0.9166,0.9166,-1.64%,开放申购,开放赎回,
2020-11-09,0.9319,0.9319,2.38%,开放申购,开放赎回,
2020-11-06,0.9102,0.9102,-1.05%,开放申购,开放赎回,
2020-11-05,0.9199,0.9199,2.64%,开放申购,开放赎回,
2020-11-04,0.8962,0.8962,0.47%,开放申购,开放赎回,
2020-11-03,0.892,0.892,0.46%,开放申购,开放赎回,
2020-11-02,0.8879,0.8879,2.15%,开放申购,开放赎回,
2020-10-30,0.8692,0.8692,-2.26%,开放申购,开放赎回,
2020-10-29,0.8893,0.8893,0.41%,开放申购,开放赎回,
2020-10-28,0.8857,0.8857,2.83%,开放申购,开放赎回,
2020-10-27,0.8613,0.8613,1.47%,开放申购,开放赎回,
2020-10-26,0.8488,0.8488,1.48%,开放申购,开放赎回,
2020-10-23,0.8364,0.8364,-2.72%,开放申购,开放赎回,
2020-10-22,0.8598,0.8598,-0.62%,开放申购,开放赎回,
2020-10-21,0.8652,0.8652,-1.68%,开放申购,开放赎回,
2020-10-20,0.88,0.88,1.42%,开放申购,开放赎回,
2020-10-19,0.8677,0.8677,-0.81%,开放申购,开放赎回,
2020-10-16,0.8748,0.8748,-1.33%,开放申购,开放赎回,
2020-10-15,0.8866,0.8866,-0.24%,开放申购,开放赎回,
2020-10-14,0.8887,0.8887,-1.30%,开放申购,开放赎回,
2020-10-13,0.9004,0.9004,0.60%,开放申购,开放赎回,
2020-10-12,0.895,0.895,2.70%,开放申购,开放赎回,
2020-10-09,0.8715,0.8715,5.05%,开放申购,开放赎回,
2020-09-30,0.8296,0.8296,0.68%,开放申购,开放赎回,
2020-09-29,0.824,0.824,1.58%,开放申购,开放赎回,
2020-09-28,0.8112,0.8112,0.14%,开放申购,开放赎回,
2020-09-25,0.8101,0.8101,0.30%,开放申购,开放赎回,
2020-09-24,0.8077,0.8077,-1.99%,开放申购,开放赎回,
2020-09-23,0.8241,0.8241,0.93%,开放申购,开放赎回,
2020-09-22,0.8165,0.8165,-0.58%,开放申购,开放赎回,
2020-09-21,0.8213,0.8213,-1.33%,开放申购,开放赎回,
2020-09-18,0.8324,0.8324,1.59%,开放申购,开放赎回,
2020-09-17,0.8194,0.8194,0.55%,开放申购,开放赎回,
2020-09-16,0.8149,0.8149,-1.00%,开放申购,开放赎回,
2020-09-15,0.8231,0.8231,0.33%,开放申购,开放赎回,
2020-09-14,0.8204,0.8204,2.09%,开放申购,开放赎回,
2020-09-11,0.8036,0.8036,2.88%,开放申购,开放赎回,
2020-09-10,0.7811,0.7811,-0.42%,开放申购,开放赎回,
2020-09-09,0.7844,0.7844,-3.38%,开放申购,开放赎回,
2020-09-08,0.8118,0.8118,-0.16%,开放申购,开放赎回,
2020-09-07,0.8131,0.8131,-3.31%,开放申购,开放赎回,
2020-09-04,0.8409,0.8409,-1.12%,开放申购,开放赎回,
2020-09-03,0.8504,0.8504,-1.28%,开放申购,开放赎回,
2020-09-02,0.8614,0.8614,0.80%,开放申购,开放赎回,
2020-09-01,0.8546,0.8546,0.98%,开放申购,开放赎回,
2020-08-31,0.8463,0.8463,-0.61%,开放申购,开放赎回,
2020-08-28,0.8515,0.8515,2.01%,开放申购,开放赎回,
2020-08-27,0.8347,0.8347,1.14%,开放申购,开放赎回,
2020-08-26,0.8253,0.8253,-2.04%,开放申购,开放赎回,
2020-08-25,0.8425,0.8425,0.43%,开放申购,开放赎回,
2020-08-24,0.8389,0.8389,3.01%,开放申购,开放赎回,
2020-08-21,0.8144,0.8144,1.61%,开放申购,开放赎回,
2020-08-20,0.8015,0.8015,-0.40%,开放申购,开放赎回,
2020-08-19,0.8047,0.8047,-2.64%,开放申购,开放赎回,
2020-08-18,0.8265,0.8265,0.56%,开放申购,开放赎回,
2020-08-17,0.8219,0.8219,1.43%,开放申购,开放赎回,
2020-08-14,0.8103,0.8103,1.53%,开放申购,开放赎回,
2020-08-13,0.7981,0.7981,-0.51%,开放申购,开放赎回,
2020-08-12,0.8022,0.8022,-0.17%,开放申购,开放赎回,
2020-08-11,0.8036,0.8036,-2.04%,开放申购,开放赎回,
2020-08-10,0.8203,0.8203,-0.19%,开放申购,开放赎回,
2020-08-07,0.8219,0.8219,-2.73%,开放申购,开放赎回,
2020-08-06,0.845,0.845,-0.84%,开放申购,开放赎回,
2020-08-05,0.8522,0.8522,0.66%,开放申购,开放赎回,
2020-08-04,0.8466,0.8466,-1.79%,开放申购,开放赎回,
2020-08-03,0.862,0.862,2.36%,开放申购,开放赎回,
2020-07-31,0.8421,0.8421,3.21%,开放申购,开放赎回,
2020-07-30,0.8159,0.8159,-1.12%,开放申购,开放赎回,
2020-07-29,0.8251,0.8251,4.34%,开放申购,开放赎回,
2020-07-28,0.7908,0.7908,1.37%,开放申购,开放赎回,
2020-07-27,0.7801,0.7801,-0.18%,开放申购,开放赎回,
2020-07-24,0.7815,0.7815,-5.99%,开放申购,开放赎回,
2020-07-23,0.8313,0.8313,0.23%,开放申购,开放赎回,
2020-07-22,0.8294,0.8294,1.93%,开放申购,开放赎回,
2020-07-21,0.8137,0.8137,1.17%,开放申购,开放赎回,
2020-07-20,0.8043,0.8043,1.23%,开放申购,开放赎回,
2020-07-17,0.7945,0.7945,0.08%,开放申购,开放赎回,
2020-07-16,0.7939,0.7939,-4.66%,开放申购,开放赎回,
2020-07-15,0.8327,0.8327,-2.21%,开放申购,开放赎回,
2020-07-14,0.8515,0.8515,-0.71%,开放申购,开放赎回,
2020-07-13,0.8576,0.8576,3.40%,开放申购,开放赎回,
2020-07-10,0.8294,0.8294,-0.10%,开放申购,开放赎回,
2020-07-09,0.8302,0.8302,2.60%,开放申购,开放赎回,
2020-07-08,0.8092,0.8092,2.85%,开放申购,开放赎回,
2020-07-07,0.7868,0.7868,2.54%,开放申购,开放赎回,
2020-07-06,0.7673,0.7673,3.03%,开放申购,开放赎回,
2020-07-03,0.7447,0.7447,0.65%,开放申购,开放赎回,
2020-07-02,0.7399,0.7399,0.37%,开放申购,开放赎回,
2020-07-01,0.7372,0.7372,-0.53%,开放申购,开放赎回,
2020-06-30,0.7411,0.7411,3.13%,开放申购,开放赎回,
2020-06-29,0.7186,0.7186,-1.05%,开放申购,开放赎回,
2020-06-24,0.7262,0.7262,0.71%,开放申购,开放赎回,
2020-06-23,0.7211,0.7211,2.14%,开放申购,开放赎回,
2020-06-22,0.706,0.706,0.94%,开放申购,开放赎回,
2020-06-19,0.6994,0.6994,1.75%,开放申购,开放赎回,
2020-06-18,0.6874,0.6874,0.84%,开放申购,开放赎回,
2020-06-17,0.6817,0.6817,0.37%,开放申购,开放赎回,
2020-06-16,0.6792,0.6792,1.51%,开放申购,开放赎回,
2020-06-15,0.6691,0.6691,-0.84%,开放申购,开放赎回,
2020-06-12,0.6748,0.6748,0.45%,开放申购,开放赎回,
2020-06-11,0.6718,0.6718,-0.72%,开放申购,开放赎回,
2020-06-10,0.6767,0.6767,0.68%,开放申购,开放赎回,
2020-06-09,0.6721,0.6721,1.40%,开放申购,开放赎回,
2020-06-08,0.6628,0.6628,-0.29%,开放申购,开放赎回,
2020-06-05,0.6647,0.6647,1.08%,开放申购,开放赎回,
2020-06-04,0.6576,0.6576,0.03%,开放申购,开放赎回,
2020-06-03,0.6574,0.6574,0.08%,开放申购,开放赎回,
2020-06-02,0.6569,0.6569,-0.38%,开放申购,开放赎回,
2020-06-01,0.6594,0.6594,3.16%,开放申购,开放赎回,
2020-05-29,0.6392,0.6392,0.52%,开放申购,开放赎回,
2020-05-28,0.6359,0.6359,-0.06%,开放申购,开放赎回,
2020-05-27,0.6363,0.6363,-1.46%,开放申购,开放赎回,
2020-05-26,0.6457,0.6457,1.97%,开放申购,开放赎回,
2020-05-25,0.6332,0.6332,-0.19%,开放申购,开放赎回,
2020-05-22,0.6344,0.6344,-1.46%,开放申购,开放赎回,
2020-05-21,0.6438,0.6438,-1.21%,开放申购,开放赎回,
2020-05-20,0.6517,0.6517,-1.09%,开放申购,开放赎回,
2020-05-19,0.6589,0.6589,1.42%,开放申购,开放赎回,
2020-05-18,0.6497,0.6497,-1.86%,开放申购,开放赎回,
2020-05-15,0.662,0.662,0.67%,开放申购,开放赎回,
2020-05-14,0.6576,0.6576,-0.45%,开放申购,开放赎回,
2020-05-13,0.6606,0.6606,0.72%,开放申购,开放赎回,
2020-05-12,0.6559,0.6559,0.72%,开放申购,开放赎回,
2020-05-11,0.6512,0.6512,-0.46%,开放申购,开放赎回,
2020-05-08,0.6542,0.6542,0.58%,开放申购,开放赎回,
2020-05-07,0.6504,0.6504,0.14%,开放申购,开放赎回,
2020-05-06,0.6495,0.6495,2.22%,开放申购,开放赎回,
2020-04-30,0.6354,0.6354,1.84%,开放申购,开放赎回,
2020-04-29,0.6239,0.6239,-0.57%,开放申购,开放赎回,
2020-04-28,0.6275,0.6275,1.44%,开放申购,开放赎回,
2020-04-27,0.6186,0.6186,0.26%,开放申购,开放赎回,
2020-04-24,0.617,0.617,-1.12%,开放申购,开放赎回,
2020-04-23,0.624,0.624,-0.64%,开放申购,开放赎回,
2020-04-22,0.628,0.628,0.32%,开放申购,开放赎回,
2020-04-21,0.626,0.626,-0.79%,开放申购,开放赎回,
2020-04-20,0.631,0.631,0.80%,开放申购,开放赎回,
2020-04-17,0.626,0.626,0.64%,开放申购,开放赎回,
2020-04-16,0.622,0.622,1.14%,开放申购,开放赎回,
2020-04-15,0.615,0.615,0.65%,开放申购,开放赎回,
2020-04-14,0.611,0.611,3.04%,开放申购,开放赎回,
2020-04-13,0.593,0.593,-2.31%,开放申购,开放赎回,
2020-04-10,0.607,0.607,-2.10%,开放申购,开放赎回,
2020-04-09,0.62,0.62,-0.16%,开放申购,开放赎回,
2020-04-08,0.621,0.621,0.32%,开放申购,开放赎回,
2020-04-07,0.619,0.619,2.65%,开放申购,开放赎回,
2020-04-03,0.603,0.603,-0.99%,开放申购,开放赎回,
2020-04-02,0.609,0.609,3.75%,开放申购,开放赎回,
2020-04-01,0.587,0.587,0.17%,开放申购,开放赎回,
2020-03-31,0.586,0.586,0.00%,开放申购,开放赎回,
2020-03-30,0.586,0.586,-1.35%,开放申购,开放赎回,
2020-03-27,0.594,0.594,-0.83%,开放申购,开放赎回,
2020-03-26,0.599,0.599,-0.99%,开放申购,开放赎回,
2020-03-25,0.605,0.605,3.95%,开放申购,开放赎回,
2020-03-24,0.582,0.582,1.04%,开放申购,开放赎回,
2020-03-23,0.576,0.576,-4.48%,开放申购,开放赎回,
2020-03-20,0.603,0.603,1.17%,开放申购,开放赎回,
2020-03-19,0.596,0.596,1.71%,开放申购,开放赎回,
2020-03-18,0.586,0.586,-1.35%,开放申购,开放赎回,
2020-03-17,0.594,0.594,0.00%,开放申购,开放赎回,
2020-03-16,0.594,0.594,-5.71%,开放申购,开放赎回,
2020-03-13,0.63,0.63,-0.63%,开放申购,开放赎回,
2020-03-12,0.634,0.634,-1.40%,开放申购,开放赎回,
2020-03-11,0.643,0.643,-1.83%,开放申购,开放赎回,
2020-03-10,0.655,0.655,2.99%,开放申购,开放赎回,
2020-03-09,0.636,0.636,-4.79%,开放申购,开放赎回,
2020-03-06,0.668,0.668,-0.74%,开放申购,开放赎回,
2020-03-05,0.673,0.673,1.36%,开放申购,开放赎回,
2020-03-04,0.664,0.664,-1.19%,开放申购,开放赎回,
2020-03-03,0.672,0.672,0.60%,开放申购,开放赎回,
2020-03-02,0.668,0.668,1.98%,开放申购,开放赎回,
2020-02-28,0.655,0.655,-3.39%,开放申购,开放赎回,
2020-02-27,0.678,0.678,0.00%,开放申购,开放赎回,
2020-02-26,0.678,0.678,-3.56%,开放申购,开放赎回,
2020-02-25,0.703,0.703,0.86%,开放申购,开放赎回,
2020-02-24,0.697,0.697,2.05%,开放申购,开放赎回,
2020-02-21,0.683,0.683,1.64%,开放申购,开放赎回,
2020-02-20,0.672,0.672,2.28%,开放申购,开放赎回,
2020-02-19,0.657,0.657,-2.09%,开放申购,开放赎回,
2020-02-18,0.671,0.671,0.60%,开放申购,开放赎回,
2020-02-17,0.667,0.667,2.77%,开放申购,开放赎回,
2020-02-14,0.649,0.649,0.78%,开放申购,开放赎回,
2020-02-13,0.644,0.644,-0.16%,开放申购,开放赎回,
2020-02-12,0.645,0.645,2.06%,开放申购,开放赎回,
2020-02-11,0.632,0.632,0.80%,开放申购,开放赎回,
2020-02-10,0.627,0.627,0.00%,开放申购,开放赎回,
2020-02-07,0.627,0.627,0.80%,开放申购,开放赎回,
2020-02-06,0.622,0.622,2.98%,开放申购,开放赎回,
2020-02-05,0.604,0.604,1.17%,开放申购,开放赎回,
2020-02-04,0.597,0.597,3.29%,开放申购,开放赎回,
2020-02-03,0.578,0.578,-7.07%,开放申购,开放赎回,
2020-01-23,0.622,0.622,-2.66%,开放申购,开放赎回,
2020-01-22,0.639,0.639,1.91%,开放申购,开放赎回,
2020-01-21,0.627,0.627,-0.79%,开放申购,开放赎回,
2020-01-20,0.632,0.632,2.27%,开放申购,开放赎回,
2020-01-17,0.618,0.618,-0.16%,开放申购,开放赎回,
2020-01-16,0.619,0.619,0.32%,开放申购,开放赎回,
2020-01-15,0.617,0.617,0.49%,开放申购,开放赎回,
2020-01-14,0.614,0.614,-0.16%,开放申购,开放赎回,
2020-01-13,0.615,0.615,1.82%,开放申购,开放赎回,
2020-01-10,0.604,0.604,0.50%,开放申购,开放赎回,
2020-01-09,0.601,0.601,1.69%,开放申购,开放赎回,
2020-01-08,0.591,0.591,-1.34%,开放申购,开放赎回,
2020-01-07,0.599,0.599,0.67%,开放申购,开放赎回,
2020-01-06,0.595,0.595,0.51%,开放申购,开放赎回,
2020-01-03,0.592,0.592,0.34%,开放申购,开放赎回,
2020-01-02,0.59,0.59,1.90%,开放申购,开放赎回,
2019-12-31,0.579,0.579,0.52%,开放申购,开放赎回,
2019-12-30,0.576,0.576,0.70%,开放申购,开放赎回,
2019-12-27,0.572,0.572,-1.21%,开放申购,开放赎回,
2019-12-26,0.579,0.579,0.17%,开放申购,开放赎回,
2019-12-25,0.578,0.578,0.70%,开放申购,开放赎回,
2019-12-24,0.574,0.574,0.88%,开放申购,开放赎回,
2019-12-23,0.569,0.569,-1.39%,开放申购,开放赎回,
2019-12-20,0.577,0.577,-0.52%,开放申购,开放赎回,
2019-12-19,0.58,0.58,-0.68%,开放申购,开放赎回,
2019-12-18,0.584,0.584,-0.17%,开放申购,开放赎回,
2019-12-17,0.585,0.585,0.69%,开放申购,开放赎回,
2019-12-16,0.581,0.581,1.40%,开放申购,开放赎回,
2019-12-13,0.573,0.573,0.88%,开放申购,开放赎回,
2019-12-12,0.568,0.568,0.00%,开放申购,开放赎回,
2019-12-11,0.568,0.568,-0.18%,开放申购,开放赎回,
2019-12-10,0.569,0.569,0.71%,开放申购,开放赎回,
2019-12-09,0.565,0.565,0.00%,开放申购,开放赎回,
2019-12-06,0.565,0.565,0.53%,开放申购,开放赎回,
2019-12-05,0.562,0.562,0.72%,开放申购,开放赎回,
2019-12-04,0.558,0.558,-0.18%,开放申购,开放赎回,
2019-12-03,0.559,0.559,0.00%,开放申购,开放赎回,
2019-12-02,0.559,0.559,0.36%,开放申购,开放赎回,
2019-11-29,0.557,0.557,0.00%,开放申购,开放赎回,
2019-11-28,0.557,0.557,0.00%,开放申购,开放赎回,
2019-11-27,0.557,0.557,0.18%,开放申购,开放赎回,
2019-11-26,0.556,0.556,0.00%,开放申购,开放赎回,
2019-11-25,0.556,0.556,-0.18%,开放申购,开放赎回,
2019-11-22,0.557,0.557,-0.36%,开放申购,开放赎回,
2019-11-21,0.559,0.559,-0.18%,开放申购,开放赎回,
2019-11-20,0.56,0.56,-0.18%,开放申购,开放赎回,
2019-11-19,0.561,0.561,0.36%,开放申购,开放赎回,
2019-11-18,0.559,0.559,-0.18%,开放申购,开放赎回,
2019-11-15,0.56,0.56,-0.18%,开放申购,开放赎回,
2019-11-14,0.561,0.561,0.18%,开放申购,开放赎回,
2019-11-13,0.56,0.56,0.00%,开放申购,开放赎回,
2019-11-12,0.56,0.56,0.00%,开放申购,开放赎回,
2019-11-11,0.56,0.56,-0.36%,开放申购,开放赎回,
2019-11-08,0.562,0.562,-0.35%,开放申购,开放赎回,
2019-11-07,0.564,0.564,-0.18%,开放申购,开放赎回,
2019-11-06,0.565,0.565,0.18%,开放申购,开放赎回,
2019-11-05,0.564,0.564,0.71%,开放申购,开放赎回,
2019-11-04,0.56,0.56,0.36%,开放申购,开放赎回,
2019-11-01,0.558,0.558,0.36%,开放申购,开放赎回,
2019-10-31,0.556,0.556,-0.36%,开放申购,开放赎回,
2019-10-30,0.558,0.558,0.00%,开放申购,开放赎回,
2019-10-29,0.558,0.558,-0.18%,开放申购,开放赎回,
2019-10-28,0.559,0.559,0.18%,开放申购,开放赎回,
2019-10-25,0.558,0.558,0.36%,开放申购,开放赎回,
2019-10-24,0.556,0.556,0.18%,开放申购,开放赎回,
2019-10-23,0.555,0.555,-0.18%,开放申购,开放赎回,
2019-10-22,0.556,0.556,0.00%,开放申购,开放赎回,
2019-10-21,0.556,0.556,0.18%,开放申购,开放赎回,
2019-10-18,0.555,0.555,-0.36%,开放申购,开放赎回,
2019-10-17,0.557,0.557,0.00%,开放申购,开放赎回,
2019-10-16,0.557,0.557,-0.36%,开放申购,开放赎回,
2019-10-15,0.559,0.559,-0.36%,开放申购,开放赎回,
2019-10-14,0.561,0.561,0.54%,开放申购,开放赎回,
2019-10-11,0.558,0.558,0.36%,开放申购,开放赎回,
2019-10-10,0.556,0.556,0.36%,开放申购,开放赎回,
2019-10-09,0.554,0.554,0.00%,开放申购,开放赎回,
2019-10-08,0.554,0.554,0.54%,开放申购,开放赎回,
2019-09-30,0.551,0.551,-0.72%,开放申购,开放赎回,
2019-09-27,0.555,0.555,0.36%,开放申购,开放赎回,
2019-09-26,0.553,0.553,-0.54%,开放申购,开放赎回,
2019-09-25,0.556,0.556,-0.18%,开放申购,开放赎回,
2019-09-24,0.557,0.557,0.36%,开放申购,开放赎回,
2019-09-23,0.555,0.555,-0.36%,开放申购,开放赎回,
2019-09-20,0.557,0.557,0.18%,开放申购,开放赎回,
2019-09-19,0.556,0.556,0.18%,开放申购,开放赎回,
2019-09-18,0.555,0.555,0.73%,开放申购,开放赎回,
2019-09-17,0.551,0.551,-0.72%,开放申购,开放赎回,
2019-09-16,0.555,0.555,0.00%,开放申购,开放赎回,
2019-09-12,0.555,0.555,0.54%,开放申购,开放赎回,
2019-09-11,0.552,0.552,-1.08%,开放申购,开放赎回,
2019-09-10,0.558,0.558,-0.71%,开放申购,开放赎回,
2019-09-09,0.562,0.562,1.63%,开放申购,开放赎回,
2019-09-06,0.553,0.553,0.55%,开放申购,开放赎回,
2019-09-05,0.55,0.55,1.10%,开放申购,开放赎回,
2019-09-04,0.544,0.544,0.55%,开放申购,开放赎回,
2019-09-03,0.541,0.541,0.56%,开放申购,开放赎回,
2019-09-02,0.538,0.538,1.70%,开放申购,开放赎回,
2019-08-30,0.529,0.529,-0.19%,开放申购,开放赎回,
2019-08-29,0.53,0.53,0.57%,开放申购,开放赎回,
2019-08-28,0.527,0.527,-0.38%,开放申购,开放赎回,
2019-08-27,0.529,0.529,1.34%,开放申购,开放赎回,
2019-08-26,0.522,0.522,-0.76%,开放申购,开放赎回,
2019-08-23,0.526,0.526,0.19%,开放申购,开放赎回,
2019-08-22,0.525,0.525,0.38%,开放申购,开放赎回,
2019-08-21,0.523,0.523,-0.19%,开放申购,开放赎回,
2019-08-20,0.524,0.524,-0.38%,开放申购,开放赎回,
2019-08-19,0.526,0.526,2.14%,开放申购,开放赎回,
2019-08-16,0.515,0.515,0.19%,开放申购,开放赎回,
2019-08-15,0.514,0.514,0.59%,开放申购,开放赎回,
2019-08-14,0.511,0.511,0.20%,开放申购,开放赎回,
2019-08-13,0.51,0.51,-0.39%,开放申购,开放赎回,
2019-08-12,0.512,0.512,1.19%,开放申购,开放赎回,
2019-08-09,0.506,0.506,-0.98%,开放申购,开放赎回,
2019-08-08,0.511,0.511,1.59%,开放申购,开放赎回,
2019-08-07,0.503,0.503,-0.59%,开放申购,开放赎回,
2019-08-06,0.506,0.506,-0.20%,开放申购,开放赎回,
2019-08-05,0.507,0.507,-1.17%,开放申购,开放赎回,
2019-08-02,0.513,0.513,-0.77%,开放申购,开放赎回,
2019-08-01,0.517,0.517,-0.19%,开放申购,开放赎回,
2019-07-31,0.518,0.518,0.19%,开放申购,开放赎回,
2019-07-30,0.517,0.517,0.00%,开放申购,开放赎回,
2019-07-29,0.517,0.517,0.19%,开放申购,开放赎回,
2019-07-26,0.516,0.516,-0.39%,开放申购,开放赎回,
2019-07-25,0.518,0.518,0.78%,开放申购,开放赎回,
2019-07-24,0.514,0.514,0.39%,开放申购,开放赎回,
2019-07-23,0.512,0.512,0.20%,开放申购,开放赎回,
2019-07-22,0.511,0.511,-0.58%,开放申购,开放赎回,
2019-07-19,0.514,0.514,0.39%,开放申购,开放赎回,
2019-07-18,0.512,0.512,-0.97%,开放申购,开放赎回,
2019-07-17,0.517,0.517,-0.19%,开放申购,开放赎回,
2019-07-16,0.518,0.518,0.00%,开放申购,开放赎回,
2019-07-15,0.518,0.518,0.39%,开放申购,开放赎回,
2019-07-12,0.516,0.516,0.00%,开放申购,开放赎回,
2019-07-11,0.516,0.516,0.00%,开放申购,开放赎回,
2019-07-10,0.516,0.516,0.00%,开放申购,开放赎回,
2019-07-09,0.516,0.516,0.19%,开放申购,开放赎回,
2019-07-08,0.515,0.515,-0.58%,开放申购,开放赎回,
2019-07-05,0.518,0.518,0.58%,开放申购,开放赎回,
2019-07-04,0.515,0.515,-0.39%,开放申购,开放赎回,
2019-07-03,0.517,0.517,-0.77%,开放申购,开放赎回,
2019-07-02,0.521,0.521,0.00%,开放申购,开放赎回,
2019-07-01,0.521,0.521,1.76%,开放申购,开放赎回,
2019-06-30,0.512,0.512,,开放申购,开放赎回,
2019-06-28,0.512,0.512,0.20%,开放申购,开放赎回,
2019-06-27,0.511,0.511,0.59%,开放申购,开放赎回,
2019-06-26,0.508,0.508,0.20%,开放申购,开放赎回,
2019-06-25,0.507,0.507,-0.39%,开放申购,开放赎回,
2019-06-24,0.509,0.509,0.00%,开放申购,开放赎回,
2019-06-21,0.509,0.509,0.79%,开放申购,开放赎回,
2019-06-20,0.505,0.505,1.61%,开放申购,开放赎回,
2019-06-19,0.497,0.497,0.20%,开放申购,开放赎回,
2019-06-18,0.496,0.496,-0.20%,开放申购,开放赎回,
2019-06-17,0.497,0.497,0.00%,开放申购,开放赎回,
2019-06-14,0.497,0.497,-0.40%,开放申购,开放赎回,
2019-06-13,0.499,0.499,0.00%,开放申购,开放赎回,
2019-06-12,0.499,0.499,-0.20%,开放申购,开放赎回,
2019-06-11,0.5,0.5,1.01%,开放申购,开放赎回,
2019-06-10,0.495,0.495,0.61%,开放申购,开放赎回,
2019-06-06,0.492,0.492,-0.61%,开放申购,开放赎回,
2019-06-05,0.495,0.495,0.20%,开放申购,开放赎回,
2019-06-04,0.494,0.494,-0.40%,开放申购,开放赎回,
2019-06-03,0.496,0.496,0.40%,开放申购,开放赎回,
2019-05-31,0.494,0.494,-0.20%,开放申购,开放赎回,
2019-05-30,0.495,0.495,-0.40%,开放申购,开放赎回,
2019-05-29,0.497,0.497,0.00%,开放申购,开放赎回,
2019-05-28,0.497,0.497,0.40%,开放申购,开放赎回,
2019-05-27,0.495,0.495,0.61%,开放申购,开放赎回,
2019-05-24,0.492,0.492,0.00%,开放申购,开放赎回,
2019-05-23,0.492,0.492,-1.01%,开放申购,开放赎回,
2019-05-22,0.497,0.497,0.20%,开放申购,开放赎回,
2019-05-21,0.496,0.496,0.20%,开放申购,开放赎回,
2019-05-20,0.495,0.495,-0.40%,开放申购,开放赎回,
2019-05-17,0.497,0.497,-0.60%,开放申购,开放赎回,
2019-05-16,0.5,0.5,0.00%,开放申购,开放赎回,
2019-05-15,0.5,0.5,0.60%,开放申购,开放赎回,
2019-05-14,0.497,0.497,0.00%,开放申购,开放赎回,
2019-05-13,0.497,0.497,-0.40%,开放申购,开放赎回,
2019-05-10,0.499,0.499,0.40%,开放申购,开放赎回,
2019-05-09,0.497,0.497,-0.20%,开放申购,开放赎回,
2019-05-08,0.498,0.498,-0.20%,开放申购,开放赎回,
2019-05-07,0.499,0.499,0.00%,开放申购,开放赎回,
2019-05-06,0.499,0.499,-0.80%,开放申购,开放赎回,
2019-04-30,0.503,0.503,-0.40%,开放申购,开放赎回,
2019-04-29,0.505,0.505,-0.39%,开放申购,开放赎回,
2019-04-26,0.507,0.507,0.40%,开放申购,开放赎回,
2019-04-25,0.505,0.505,-1.17%,开放申购,开放赎回,
2019-04-24,0.511,0.511,0.20%,开放申购,开放赎回,
2019-04-23,0.51,0.51,-0.97%,开放申购,开放赎回,
2019-04-22,0.515,0.515,-0.39%,开放申购,开放赎回,
2019-04-19,0.517,0.517,0.19%,开放申购,开放赎回,
2019-04-18,0.516,0.516,-0.39%,开放申购,开放赎回,
2019-04-17,0.518,0.518,0.19%,开放申购,开放赎回,
2019-04-16,0.517,0.517,1.37%,开放申购,开放赎回,
2019-04-15,0.51,0.51,-0.39%,开放申购,开放赎回,
2019-04-12,0.512,0.512,-0.19%,开放申购,开放赎回,
2019-04-11,0.513,0.513,-0.97%,开放申购,开放赎回,
2019-04-10,0.518,0.518,-0.19%,开放申购,开放赎回,
2019-04-09,0.519,0.519,-0.19%,开放申购,开放赎回,
2019-04-08,0.52,0.52,-0.38%,开放申购,开放赎回,
2019-04-04,0.522,0.522,0.00%,开放申购,开放赎回,
2019-04-03,0.522,0.522,0.38%,开放申购,开放赎回,
2019-04-02,0.52,0.52,0.00%,开放申购,开放赎回,
2019-04-01,0.52,0.52,2.16%,开放申购,开放赎回,
2019-03-29,0.509,0.509,1.39%,开放申购,开放赎回,
2019-03-28,0.502,0.502,0.00%,开放申购,开放赎回,
2019-03-27,0.502,0.502,0.00%,开放申购,开放赎回,
2019-03-26,0.502,0.502,-1.76%,开放申购,开放赎回,
2019-03-25,0.511,0.511,-0.20%,开放申购,开放赎回,
2019-03-22,0.512,0.512,0.39%,开放申购,开放赎回,
2019-03-21,0.51,0.51,0.79%,开放申购,开放赎回,
2019-03-20,0.506,0.506,-0.20%,开放申购,开放赎回,
2019-03-19,0.507,0.507,0.60%,开放申购,开放赎回,
2019-03-18,0.504,0.504,1.00%,开放申购,开放赎回,
2019-03-15,0.499,0.499,0.40%,开放申购,开放赎回,
2019-03-14,0.497,0.497,-1.78%,开放申购,开放赎回,
2019-03-13,0.506,0.506,-2.69%,开放申购,开放赎回,
2019-03-12,0.52,0.52,1.36%,开放申购,开放赎回,
2019-03-11,0.513,0.513,3.43%,开放申购,开放赎回,
2019-03-08,0.496,0.496,-2.55%,开放申购,开放赎回,
2019-03-07,0.509,0.509,0.39%,开放申购,开放赎回,
2019-03-06,0.507,0.507,0.40%,开放申购,开放赎回,
2019-03-05,0.505,0.505,2.64%,开放申购,开放赎回,
2019-03-04,0.492,0.492,1.86%,开放申购,开放赎回,
2019-03-01,0.483,0.483,0.00%,开放申购,开放赎回,
2019-02-28,0.483,0.483,0.42%,开放申购,开放赎回,
2019-02-27,0.481,0.481,-0.41%,开放申购,开放赎回,
2019-02-26,0.483,0.483,-1.43%,开放申购,开放赎回,
2019-02-25,0.49,0.49,6.52%,开放申购,开放赎回,
2019-02-22,0.46,0.46,3.60%,开放申购,开放赎回,
2019-02-21,0.444,0.444,0.45%,开放申购,开放赎回,
2019-02-20,0.442,0.442,-0.67%,开放申购,开放赎回,
2019-02-19,0.445,0.445,0.23%,开放申购,开放赎回,
2019-02-18,0.444,0.444,3.02%,开放申购,开放赎回,
2019-02-15,0.431,0.431,0.23%,开放申购,开放赎回,
2019-02-14,0.43,0.43,0.94%,开放申购,开放赎回,
2019-02-13,0.426,0.426,2.90%,开放申购,开放赎回,
2019-02-12,0.414,0.414,2.22%,开放申购,开放赎回,
2019-02-11,0.405,0.405,3.32%,开放申购,开放赎回,
2019-02-01,0.392,0.392,2.08%,开放申购,开放赎回,
2019-01-31,0.384,0.384,-2.29%,开放申购,开放赎回,
2019-01-30,0.393,0.393,-1.50%,开放申购,开放赎回,
2019-01-29,0.399,0.399,-1.24%,开放申购,开放赎回,
2019-01-28,0.404,0.404,-1.22%,开放申购,开放赎回,
2019-01-25,0.409,0.409,-0.97%,开放申购,开放赎回,
2019-01-24,0.413,0.413,0.49%,开放申购,开放赎回,
2019-01-23,0.411,0.411,0.00%,开放申购,开放赎回,
2019-01-22,0.411,0.411,-1.44%,开放申购,开放赎回,
2019-01-21,0.417,0.417,1.21%,开放申购,开放赎回,
2019-01-18,0.412,0.412,0.49%,开放申购,开放赎回,
2019-01-17,0.41,0.41,-1.44%,开放申购,开放赎回,
2019-01-16,0.416,0.416,-0.72%,开放申购,开放赎回,
2019-01-15,0.419,0.419,1.95%,开放申购,开放赎回,
2019-01-14,0.411,0.411,-1.91%,开放申购,开放赎回,
2019-01-11,0.419,0.419,0.48%,开放申购,开放赎回,
2019-01-10,0.417,0.417,-0.71%,开放申购,开放赎回,
2019-01-09,0.42,0.42,-0.47%,开放申购,开放赎回,
2019-01-08,0.422,0.422,-0.47%,开放申购,开放赎回,
2019-01-07,0.424,0.424,2.42%,开放申购,开放赎回,
2019-01-04,0.414,0.414,3.24%,开放申购,开放赎回,
2019-01-03,0.401,0.401,-2.20%,开放申购,开放赎回,
2019-01-02,0.41,0.41,-0.97%,开放申购,开放赎回,
2018-12-31,0.414,0.414,,开放申购,开放赎回,
2018-12-28,0.414,0.414,0.00%,开放申购,开放赎回,
2018-12-27,0.414,0.414,-1.19%,开放申购,开放赎回,
2018-12-26,0.419,0.419,-0.71%,开放申购,开放赎回,
2018-12-25,0.422,0.422,0.24%,开放申购,开放赎回,
2018-12-24,0.421,0.421,2.18%,开放申购,开放赎回,
2018-12-21,0.412,0.412,0.49%,开放申购,开放赎回,
2018-12-20,0.41,0.41,0.00%,开放申购,开放赎回,
2018-12-19,0.41,0.41,-1.68%,开放申购,开放赎回,
2018-12-18,0.417,0.417,-0.71%,开放申购,开放赎回,
2018-12-17,0.42,0.42,-0.94%,开放申购,开放赎回,
2018-12-14,0.424,0.424,-2.08%,开放申购,开放赎回,
2018-12-13,0.433,0.433,1.41%,开放申购,开放赎回,
2018-12-12,0.427,0.427,-0.70%,开放申购,开放赎回,
2018-12-11,0.43,0.43,0.47%,开放申购,开放赎回,
2018-12-10,0.428,0.428,-1.38%,开放申购,开放赎回,
2018-12-07,0.434,0.434,1.17%,开放申购,开放赎回,
2018-12-06,0.429,0.429,-3.38%,开放申购,开放赎回,
2018-12-05,0.444,0.444,-0.45%,开放申购,开放赎回,
2018-12-04,0.446,0.446,0.00%,开放申购,开放赎回,
2018-12-03,0.446,0.446,3.48%,开放申购,开放赎回,
2018-11-30,0.431,0.431,0.47%,开放申购,开放赎回,
2018-11-29,0.429,0.429,-2.50%,开放申购,开放赎回,
2018-11-28,0.44,0.44,0.69%,开放申购,开放赎回,
2018-11-27,0.437,0.437,1.16%,开放申购,开放赎回,
2018-11-26,0.432,0.432,-0.23%,开放申购,开放赎回,
2018-11-23,0.433,0.433,-3.56%,开放申购,开放赎回,
2018-11-22,0.449,0.449,-0.44%,开放申购,开放赎回,
2018-11-21,0.451,0.451,-0.66%,开放申购,开放赎回,
2018-11-20,0.454,0.454,-2.99%,开放申购,开放赎回,
2018-11-19,0.468,0.468,-0.43%,开放申购,开放赎回,
2018-11-16,0.47,0.47,1.08%,开放申购,开放赎回,
2018-11-15,0.465,0.465,2.20%,开放申购,开放赎回,
2018-11-14,0.455,0.455,-0.87%,开放申购,开放赎回,
2018-11-13,0.459,0.459,0.66%,开放申购,开放赎回,
2018-11-12,0.456,0.456,3.64%,开放申购,开放赎回,
2018-11-09,0.44,0.44,0.46%,开放申购,开放赎回,
2018-11-08,0.438,0.438,-1.35%,开放申购,开放赎回,
2018-11-07,0.444,0.444,-0.22%,开放申购,开放赎回,
2018-11-06,0.445,0.445,-0.22%,开放申购,开放赎回,
2018-11-05,0.446,0.446,0.22%,开放申购,开放赎回,
2018-11-02,0.445,0.445,4.46%,开放申购,开放赎回,
2018-11-01,0.426,0.426,1.43%,开放申购,开放赎回,
2018-10-31,0.42,0.42,1.20%,开放申购,开放赎回,
2018-10-30,0.415,0.415,-0.24%,开放申购,开放赎回,
2018-10-29,0.416,0.416,-1.19%,开放申购,开放赎回,
2018-10-26,0.421,0.421,-1.41%,开放申购,开放赎回,
2018-10-25,0.427,0.427,-1.39%,开放申购,开放赎回,
2018-10-24,0.433,0.433,-1.59%,开放申购,开放赎回,
2018-10-23,0.44,0.44,-2.00%,开放申购,开放赎回,
2018-10-22,0.449,0.449,5.15%,开放申购,开放赎回,
2018-10-19,0.427,0.427,3.89%,开放申购,开放赎回,
2018-10-18,0.411,0.411,-1.91%,开放申购,开放赎回,
2018-10-17,0.419,0.419,-0.48%,开放申购,开放赎回,
2018-10-16,0.421,0.421,-4.75%,开放申购,开放赎回,
2018-10-15,0.442,0.442,-1.34%,开放申购,开放赎回,
2018-10-12,0.448,0.448,1.13%,开放申购,开放赎回,
2018-10-11,0.443,0.443,-5.74%,开放申购,开放赎回,
2018-10-10,0.47,0.47,-0.84%,开放申购,开放赎回,
2018-10-09,0.474,0.474,-0.21%,开放申购,开放赎回,
2018-10-08,0.475,0.475,-3.85%,开放申购,开放赎回,
2018-09-28,0.494,0.494,0.82%,开放申购,开放赎回,
2018-09-27,0.49,0.49,-1.80%,开放申购,开放赎回,
2018-09-26,0.499,0.499,0.60%,开放申购,开放赎回,
2018-09-25,0.496,0.496,-0.80%,开放申购,开放赎回,
2018-09-21,0.5,0.5,1.83%,开放申购,开放赎回,
2018-09-20,0.491,0.491,0.00%,开放申购,开放赎回,
2018-09-19,0.491,0.491,1.45%,开放申购,开放赎回,
2018-09-18,0.484,0.484,0.83%,开放申购,开放赎回,
2018-09-17,0.48,0.48,-1.84%,开放申购,开放赎回,
2018-09-14,0.489,0.489,-1.41%,开放申购,开放赎回,
2018-09-13,0.496,0.496,0.00%,开放申购,开放赎回,
2018-09-12,0.496,0.496,-0.20%,开放申购,开放赎回,
2018-09-11,0.497,0.497,-0.20%,开放申购,开放赎回,
2018-09-10,0.498,0.498,-2.16%,开放申购,开放赎回,
2018-09-07,0.509,0.509,0.00%,开放申购,开放赎回,
2018-09-06,0.509,0.509,-0.59%,开放申购,开放赎回,
2018-09-05,0.512,0.512,-1.16%,开放申购,开放赎回,
2018-09-04,0.518,0.518,1.57%,开放申购,开放赎回,
2018-09-03,0.51,0.51,-0.39%,开放申购,开放赎回,
2018-08-31,0.512,0.512,-2.10%,开放申购,开放赎回,
2018-08-30,0.523,0.523,-1.69%,开放申购,开放赎回,
2018-08-29,0.532,0.532,-0.56%,开放申购,开放赎回,
2018-08-28,0.535,0.535,0.75%,开放申购,开放赎回,
2018-08-27,0.531,0.531,2.51%,开放申购,开放赎回,
2018-08-24,0.518,0.518,0.00%,开放申购,开放赎回,
2018-08-23,0.518,0.518,1.77%,开放申购,开放赎回,
2018-08-22,0.509,0.509,-1.17%,开放申购,开放赎回,
2018-08-21,0.515,0.515,1.58%,开放申购,开放赎回,
2018-08-20,0.507,0.507,0.80%,开放申购,开放赎回,
2018-08-17,0.503,0.503,-1.95%,开放申购,开放赎回,
2018-08-16,0.513,0.513,-1.16%,开放申购,开放赎回,
2018-08-15,0.519,0.519,-1.52%,开放申购,开放赎回,
2018-08-14,0.527,0.527,-1.13%,开放申购,开放赎回,
2018-08-13,0.533,0.533,0.95%,开放申购,开放赎回,
2018-08-10,0.528,0.528,0.76%,开放申购,开放赎回,
2018-08-09,0.524,0.524,2.95%,开放申购,开放赎回,
2018-08-08,0.509,0.509,-1.55%,开放申购,开放赎回,
2018-08-07,0.517,0.517,3.40%,开放申购,开放赎回,
2018-08-06,0.5,0.5,-2.91%,开放申购,开放赎回,
2018-08-03,0.515,0.515,-2.46%,开放申购,开放赎回,
2018-08-02,0.528,0.528,-2.40%,开放申购,开放赎回,
2018-08-01,0.541,0.541,-1.64%,开放申购,开放赎回,
2018-07-31,0.55,0.55,0.18%,开放申购,开放赎回,
2018-07-30,0.549,0.549,-1.96%,开放申购,开放赎回,
2018-07-27,0.56,0.56,-0.71%,开放申购,开放赎回,
2018-07-26,0.564,0.564,-1.23%,开放申购,开放赎回,
2018-07-25,0.571,0.571,-1.21%,开放申购,开放赎回,
2018-07-24,0.578,0.578,1.05%,开放申购,开放赎回,
2018-07-23,0.572,0.572,1.06%,开放申购,开放赎回,
2018-07-20,0.566,0.566,0.71%,开放申购,开放赎回,
2018-07-19,0.562,0.562,-0.35%,开放申购,开放赎回,
2018-07-18,0.564,0.564,-1.23%,开放申购,开放赎回,
2018-07-17,0.571,0.571,0.53%,开放申购,开放赎回,
2018-07-16,0.568,0.568,0.18%,开放申购,开放赎回,
2018-07-13,0.567,0.567,1.25%,开放申购,开放赎回,
2018-07-12,0.56,0.56,2.56%,开放申购,开放赎回,
2018-07-11,0.546,0.546,-2.15%,开放申购,开放赎回,
2018-07-10,0.558,0.558,0.54%,开放申购,开放赎回,
2018-07-09,0.555,0.555,2.02%,开放申购,开放赎回,
2018-07-06,0.544,0.544,-1.09%,开放申购,开放赎回,
2018-07-05,0.55,0.55,-1.43%,开放申购,开放赎回,
2018-07-04,0.558,0.558,-2.11%,开放申购,开放赎回,
2018-07-03,0.57,0.57,0.00%,开放申购,开放赎回,
2018-07-02,0.57,0.57,-0.18%,开放申购,开放赎回,
2018-06-30,0.571,0.571,,开放申购,开放赎回,
2018-06-29,0.571,0.571,3.63%,开放申购,开放赎回,
2018-06-28,0.551,0.551,-1.08%,开放申购,开放赎回,
2018-06-27,0.557,0.557,-0.71%,开放申购,开放赎回,
2018-06-26,0.561,0.561,0.54%,开放申购,开放赎回,
2018-06-25,0.558,0.558,-1.59%,开放申购,开放赎回,
2018-06-22,0.567,0.567,1.80%,开放申购,开放赎回,
2018-06-21,0.557,0.557,-2.96%,开放申购,开放赎回,
2018-06-20,0.574,0.574,1.23%,开放申购,开放赎回,
2018-06-19,0.567,0.567,-5.97%,开放申购,开放赎回,
2018-06-15,0.603,0.603,-1.79%,开放申购,开放赎回,
2018-06-14,0.614,0.614,-0.32%,开放申购,开放赎回,
2018-06-13,0.616,0.616,-0.65%,开放申购,开放赎回,
2018-06-12,0.62,0.62,2.31%,开放申购,开放赎回,
2018-06-11,0.606,0.606,-0.82%,开放申购,开放赎回,
2018-06-08,0.611,0.611,-0.97%,开放申购,开放赎回,
2018-06-07,0.617,0.617,-1.12%,开放申购,开放赎回,
2018-06-06,0.624,0.624,0.00%,开放申购,开放赎回,
2018-06-05,0.624,0.624,3.14%,开放申购,开放赎回,
2018-06-04,0.605,0.605,-1.31%,开放申购,开放赎回,
2018-06-01,0.613,0.613,-1.45%,开放申购,开放赎回,
2018-05-31,0.622,0.622,1.47%,开放申购,开放赎回,
2018-05-30,0.613,0.613,-3.46%,开放申购,开放赎回,
2018-05-29,0.635,0.635,-0.16%,开放申购,开放赎回,
2018-05-28,0.636,0.636,-0.47%,开放申购,开放赎回,
2018-05-25,0.639,0.639,-2.14%,开放申购,开放赎回,
2018-05-24,0.653,0.653,-1.95%,开放申购,开放赎回,
2018-05-23,0.666,0.666,-0.75%,开放申购,开放赎回,
2018-05-22,0.671,0.671,0.00%,开放申购,开放赎回,
2018-05-21,0.671,0.671,2.60%,开放申购,开放赎回,
2018-05-18,0.654,0.654,0.15%,开放申购,开放赎回,
2018-05-17,0.653,0.653,-0.76%,开放申购,开放赎回,
2018-05-16,0.658,0.658,-1.05%,开放申购,开放赎回,
2018-05-15,0.665,0.665,1.22%,开放申购,开放赎回,
2018-05-14,0.657,0.657,1.08%,开放申购,开放赎回,
2018-05-11,0.65,0.65,-1.66%,开放申购,开放赎回,
2018-05-10,0.661,0.661,0.30%,开放申购,开放赎回,
2018-05-09,0.659,0.659,-1.05%,开放申购,开放赎回,
2018-05-08,0.666,0.666,0.30%,开放申购,开放赎回,
2018-05-07,0.664,0.664,1.37%,开放申购,开放赎回,
2018-05-04,0.655,0.655,0.61%,开放申购,开放赎回,
2018-05-03,0.651,0.651,1.72%,开放申购,开放赎回,
2018-05-02,0.64,0.64,0.63%,开放申购,开放赎回,
2018-04-27,0.636,0.636,1.27%,开放申购,开放赎回,
2018-04-26,0.628,0.628,-1.26%,开放申购,开放赎回,
2018-04-25,0.636,0.636,-0.31%,开放申购,开放赎回,
2018-04-24,0.638,0.638,3.74%,开放申购,开放赎回,
2018-04-23,0.615,0.615,-2.69%,开放申购,开放赎回,
2018-04-20,0.632,0.632,-1.71%,开放申购,开放赎回,
2018-04-19,0.643,0.643,0.00%,开放申购,开放赎回,
2018-04-18,0.643,0.643,1.58%,开放申购,开放赎回,
2018-04-17,0.633,0.633,-2.91%,开放申购,开放赎回,
2018-04-16,0.652,0.652,1.40%,开放申购,开放赎回,
2018-04-13,0.643,0.643,-0.31%,开放申购,开放赎回,
2018-04-12,0.645,0.645,-0.62%,开放申购,开放赎回,
2018-04-11,0.649,0.649,0.46%,开放申购,开放赎回,
2018-04-10,0.646,0.646,0.31%,开放申购,开放赎回,
2018-04-09,0.644,0.644,-0.46%,开放申购,开放赎回,
2018-04-04,0.647,0.647,-1.37%,开放申购,开放赎回,
2018-04-03,0.656,0.656,-1.20%,开放申购,开放赎回,
2018-04-02,0.664,0.664,-0.75%,开放申购,开放赎回,
2018-03-30,0.669,0.669,3.08%,开放申购,开放赎回,
2018-03-29,0.649,0.649,-0.61%,开放申购,开放赎回,
2018-03-28,0.653,0.653,-0.61%,开放申购,开放赎回,
2018-03-27,0.657,0.657,2.82%,开放申购,开放赎回,
2018-03-26,0.639,0.639,1.27%,开放申购,开放赎回,
2018-03-23,0.631,0.631,-4.97%,开放申购,开放赎回,
2018-03-22,0.664,0.664,-1.04%,开放申购,开放赎回,
2018-03-21,0.671,0.671,-1.61%,开放申购,开放赎回,
2018-03-20,0.682,0.682,0.59%,开放申购,开放赎回,
2018-03-19,0.678,0.678,0.44%,开放申购,开放赎回,
2018-03-16,0.675,0.675,-0.88%,开放申购,开放赎回,
2018-03-15,0.681,0.681,0.29%,开放申购,开放赎回,
2018-03-14,0.679,0.679,-1.16%,开放申购,开放赎回,
2018-03-13,0.687,0.687,-0.87%,开放申购,开放赎回,
2018-03-12,0.693,0.693,1.76%,开放申购,开放赎回,
2018-03-09,0.681,0.681,2.25%,开放申购,开放赎回,
2018-03-08,0.666,0.666,0.30%,开放申购,开放赎回,
2018-03-07,0.664,0.664,-0.30%,开放申购,开放赎回,
2018-03-06,0.666,0.666,0.45%,开放申购,开放赎回,
2018-03-05,0.663,0.663,2.16%,开放申购,开放赎回,
2018-03-02,0.649,0.649,-1.52%,开放申购,开放赎回,
2018-03-01,0.659,0.659,1.23%,开放申购,开放赎回,
2018-02-28,0.651,0.651,1.24%,开放申购,开放赎回,
2018-02-27,0.643,0.643,1.74%,开放申购,开放赎回,
2018-02-26,0.632,0.632,3.44%,开放申购,开放赎回,
2018-02-23,0.611,0.611,-0.65%,开放申购,开放赎回,
2018-02-22,0.615,0.615,1.49%,开放申购,开放赎回,
2018-02-14,0.606,0.606,0.00%,开放申购,开放赎回,
2018-02-13,0.606,0.606,0.33%,开放申购,开放赎回,
2018-02-12,0.604,0.604,4.32%,开放申购,开放赎回,
2018-02-09,0.579,0.579,-2.20%,开放申购,开放赎回,
2018-02-08,0.592,0.592,2.96%,开放申购,开放赎回,
2018-02-07,0.575,0.575,1.05%,开放申购,开放赎回,
2018-02-06,0.569,0.569,-4.05%,开放申购,开放赎回,
2018-02-05,0.593,0.593,-0.84%,开放申购,开放赎回,
2018-02-02,0.598,0.598,0.00%,开放申购,开放赎回,
2018-02-01,0.598,0.598,-2.13%,开放申购,开放赎回,
2018-01-31,0.611,0.611,-1.77%,开放申购,开放赎回,
2018-01-30,0.622,0.622,0.16%,开放申购,开放赎回,
2018-01-29,0.621,0.621,-1.90%,开放申购,开放赎回,
2018-01-26,0.633,0.633,-1.25%,开放申购,开放赎回,
2018-01-25,0.641,0.641,-0.31%,开放申购,开放赎回,
2018-01-24,0.643,0.643,1.42%,开放申购,开放赎回,
2018-01-23,0.634,0.634,-0.47%,开放申购,开放赎回,
2018-01-22,0.637,0.637,0.95%,开放申购,开放赎回,
2018-01-19,0.631,0.631,-0.16%,开放申购,开放赎回,
2018-01-18,0.632,0.632,0.16%,开放申购,开放赎回,
2018-01-17,0.631,0.631,-0.47%,开放申购,开放赎回,
2018-01-16,0.634,0.634,-0.31%,开放申购,开放赎回,
2018-01-15,0.636,0.636,-3.05%,开放申购,开放赎回,
2018-01-12,0.656,0.656,-0.91%,开放申购,开放赎回,
2018-01-11,0.662,0.662,0.46%,开放申购,开放赎回,
2018-01-10,0.659,0.659,-2.08%,开放申购,开放赎回,
2018-01-09,0.673,0.673,-0.59%,开放申购,开放赎回,
2018-01-08,0.677,0.677,-0.59%,开放申购,开放赎回,
2018-01-05,0.681,0.681,-1.02%,开放申购,开放赎回,
2018-01-04,0.688,0.688,-0.72%,开放申购,开放赎回,
2018-01-03,0.693,0.693,1.32%,开放申购,开放赎回,
2018-01-02,0.684,0.684,0.74%,开放申购,开放赎回,
2017-12-31,0.679,0.679,,开放申购,开放赎回,
2017-12-29,0.679,0.679,1.19%,开放申购,开放赎回,
2017-12-28,0.671,0.671,0.00%,开放申购,开放赎回,
2017-12-27,0.671,0.671,-1.03%,开放申购,开放赎回,
2017-12-26,0.678,0.678,0.59%,开放申购,开放赎回,
2017-12-25,0.674,0.674,-1.75%,开放申购,开放赎回,
2017-12-22,0.686,0.686,-0.87%,开放申购,开放赎回,
2017-12-21,0.692,0.692,1.17%,开放申购,开放赎回,
2017-12-20,0.684,0.684,0.15%,开放申购,开放赎回,
2017-12-19,0.683,0.683,0.44%,开放申购,开放赎回,
2017-12-18,0.68,0.68,-1.02%,开放申购,开放赎回,
2017-12-15,0.687,0.687,0.00%,开放申购,开放赎回,
2017-12-14,0.687,0.687,-0.29%,开放申购,开放赎回,
2017-12-13,0.689,0.689,1.47%,开放申购,开放赎回,
2017-12-12,0.679,0.679,-0.73%,开放申购,开放赎回,
2017-12-11,0.684,0.684,1.79%,开放申购,开放赎回,
2017-12-08,0.672,0.672,1.20%,开放申购,开放赎回,
2017-12-07,0.664,0.664,-0.60%,开放申购,开放赎回,
2017-12-06,0.668,0.668,1.37%,开放申购,开放赎回,
2017-12-05,0.659,0.659,-1.05%,开放申购,开放赎回,
2017-12-04,0.666,0.666,-0.15%,开放申购,开放赎回,
2017-12-01,0.667,0.667,2.30%,开放申购,开放赎回,
2017-11-30,0.652,0.652,-0.61%,开放申购,开放赎回,
2017-11-29,0.656,0.656,-0.15%,开放申购,开放赎回,
2017-11-28,0.657,0.657,1.39%,开放申购,开放赎回,
2017-11-27,0.648,0.648,-0.61%,开放申购,开放赎回,
2017-11-24,0.652,0.652,-0.31%,开放申购,开放赎回,
2017-11-23,0.654,0.654,-2.10%,开放申购,开放赎回,
2017-11-22,0.668,0.668,-1.18%,开放申购,开放赎回,
2017-11-21,0.676,0.676,-0.15%,开放申购,开放赎回,
2017-11-20,0.677,0.677,1.20%,开放申购,开放赎回,
2017-11-17,0.669,0.669,-2.90%,开放申购,开放赎回,
2017-11-16,0.689,0.689,-0.14%,开放申购,开放赎回,
2017-11-15,0.69,0.69,-2.40%,开放申购,开放赎回,
2017-11-14,0.707,0.707,-0.70%,开放申购,开放赎回,
2017-11-13,0.712,0.712,-0.14%,开放申购,开放赎回,
2017-11-10,0.713,0.713,0.56%,开放申购,开放赎回,
2017-11-09,0.709,0.709,0.14%,开放申购,开放赎回,
2017-11-08,0.708,0.708,0.28%,开放申购,开放赎回,
2017-11-07,0.706,0.706,0.57%,开放申购,开放赎回,
2017-11-06,0.702,0.702,1.59%,开放申购,开放赎回,
2017-11-03,0.691,0.691,-1.43%,开放申购,开放赎回,
2017-11-02,0.701,0.701,-1.41%,开放申购,开放赎回,
2017-11-01,0.711,0.711,-1.11%,开放申购,开放赎回,
2017-10-31,0.719,0.719,0.70%,开放申购,开放赎回,
2017-10-30,0.714,0.714,-1.38%,开放申购,开放赎回,
2017-10-27,0.724,0.724,-0.14%,开放申购,开放赎回,
2017-10-26,0.725,0.725,0.00%,开放申购,开放赎回,
2017-10-25,0.725,0.725,0.97%,开放申购,开放赎回,
2017-10-24,0.718,0.718,0.28%,开放申购,开放赎回,
2017-10-23,0.716,0.716,1.42%,开放申购,开放赎回,
2017-10-20,0.706,0.706,-0.14%,开放申购,开放赎回,
2017-10-19,0.707,0.707,-0.84%,开放申购,开放赎回,
2017-10-18,0.713,0.713,0.14%,开放申购,开放赎回,
2017-10-17,0.712,0.712,0.14%,开放申购,开放赎回,
2017-10-16,0.711,0.711,-1.25%,开放申购,开放赎回,
2017-10-13,0.72,0.72,1.27%,开放申购,开放赎回,
2017-10-12,0.711,0.711,-0.56%,开放申购,开放赎回,
2017-10-11,0.715,0.715,-0.14%,开放申购,开放赎回,
2017-10-10,0.716,0.716,0.56%,开放申购,开放赎回,
2017-10-09,0.712,0.712,0.57%,开放申购,开放赎回,
2017-09-29,0.708,0.708,1.43%,开放申购,开放赎回,
2017-09-28,0.698,0.698,-0.14%,开放申购,开放赎回,
2017-09-27,0.699,0.699,1.60%,开放申购,开放赎回,
2017-09-26,0.688,0.688,0.00%,开放申购,开放赎回,
2017-09-25,0.688,0.688,-1.15%,开放申购,开放赎回,
2017-09-22,0.696,0.696,-0.14%,开放申购,开放赎回,
2017-09-21,0.697,0.697,-1.41%,开放申购,开放赎回,
2017-09-20,0.707,0.707,0.43%,开放申购,开放赎回,
2017-09-19,0.704,0.704,-0.28%,开放申购,开放赎回,
2017-09-18,0.706,0.706,0.71%,开放申购,开放赎回,
2017-09-15,0.701,0.701,0.29%,开放申购,开放赎回,
2017-09-14,0.699,0.699,0.58%,开放申购,开放赎回,
2017-09-13,0.695,0.695,0.00%,开放申购,开放赎回,
2017-09-12,0.695,0.695,-1.28%,开放申购,开放赎回,
2017-09-11,0.704,0.704,1.44%,开放申购,开放赎回,
2017-09-08,0.694,0.694,-0.57%,开放申购,开放赎回,
2017-09-07,0.698,0.698,-0.71%,开放申购,开放赎回,
2017-09-06,0.703,0.703,0.29%,开放申购,开放赎回,
2017-09-05,0.701,0.701,0.86%,开放申购,开放赎回,
2017-09-04,0.695,0.695,1.02%,开放申购,开放赎回,
2017-09-01,0.688,0.688,0.15%,开放申购,开放赎回,
2017-08-31,0.687,0.687,-0.15%,开放申购,开放赎回,
2017-08-30,0.688,0.688,0.88%,开放申购,开放赎回,
2017-08-29,0.682,0.682,-1.02%,开放申购,开放赎回,
2017-08-28,0.689,0.689,1.03%,开放申购,开放赎回,
2017-08-25,0.682,0.682,0.15%,开放申购,开放赎回,
2017-08-24,0.681,0.681,-1.87%,开放申购,开放赎回,
2017-08-23,0.694,0.694,-0.29%,开放申购,开放赎回,
2017-08-22,0.696,0.696,-1.28%,开放申购,开放赎回,
2017-08-21,0.705,0.705,0.14%,开放申购,开放赎回,
2017-08-18,0.704,0.704,-0.42%,开放申购,开放赎回,
2017-08-17,0.707,0.707,0.28%,开放申购,开放赎回,
2017-08-16,0.705,0.705,1.29%,开放申购,开放赎回,
2017-08-15,0.696,0.696,0.14%,开放申购,开放赎回,
2017-08-14,0.695,0.695,3.27%,开放申购,开放赎回,
2017-08-11,0.673,0.673,-0.30%,开放申购,开放赎回,
2017-08-10,0.675,0.675,-1.03%,开放申购,开放赎回,
2017-08-09,0.682,0.682,0.15%,开放申购,开放赎回,
2017-08-08,0.681,0.681,1.19%,开放申购,开放赎回,
2017-08-07,0.673,0.673,0.00%,开放申购,开放赎回,
2017-08-04,0.673,0.673,-1.03%,开放申购,开放赎回,
2017-08-03,0.68,0.68,0.00%,开放申购,开放赎回,
2017-08-02,0.68,0.68,-1.02%,开放申购,开放赎回,
2017-08-01,0.687,0.687,-0.72%,开放申购,开放赎回,
2017-07-31,0.692,0.692,-0.29%,开放申购,开放赎回,
2017-07-28,0.694,0.694,0.14%,开放申购,开放赎回,
2017-07-27,0.693,0.693,2.21%,开放申购,开放赎回,
2017-07-26,0.678,0.678,-0.44%,开放申购,开放赎回,
2017-07-25,0.681,0.681,-0.29%,开放申购,开放赎回,
2017-07-24,0.683,0.683,-0.29%,开放申购,开放赎回,
2017-07-21,0.685,0.685,0.59%,开放申购,开放赎回,
2017-07-20,0.681,0.681,-0.15%,开放申购,开放赎回,
2017-07-19,0.682,0.682,1.94%,开放申购,开放赎回,
2017-07-18,0.669,0.669,0.00%,开放申购,开放赎回,
2017-07-17,0.669,0.669,-3.88%,开放申购,开放赎回,
2017-07-14,0.696,0.696,-0.57%,开放申购,开放赎回,
2017-07-13,0.7,0.7,-0.28%,开放申购,开放赎回,
2017-07-12,0.702,0.702,0.29%,开放申购,开放赎回,
2017-07-11,0.7,0.7,-1.41%,开放申购,开放赎回,
2017-07-10,0.71,0.71,-0.70%,开放申购,开放赎回,
2017-07-07,0.715,0.715,-0.28%,开放申购,开放赎回,
2017-07-06,0.717,0.717,0.42%,开放申购,开放赎回,
2017-07-05,0.714,0.714,0.42%,开放申购,开放赎回,
2017-07-04,0.711,0.711,-0.14%,开放申购,开放赎回,
2017-07-03,0.712,0.712,0.71%,开放申购,开放赎回,
2017-06-30,0.707,0.707,0.00%,开放申购,开放赎回,
2017-06-29,0.707,0.707,1.14%,开放申购,开放赎回,
2017-06-28,0.699,0.699,-0.71%,开放申购,开放赎回,
2017-06-27,0.704,0.704,0.14%,开放申购,开放赎回,
2017-06-26,0.703,0.703,1.74%,开放申购,开放赎回,
2017-06-23,0.691,0.691,-0.29%,开放申购,开放赎回,
2017-06-22,0.693,0.693,-1.56%,开放申购,开放赎回,
2017-06-21,0.704,0.704,0.14%,开放申购,开放赎回,
2017-06-20,0.703,0.703,0.57%,开放申购,开放赎回,
2017-06-19,0.699,0.699,0.58%,开放申购,开放赎回,
2017-06-16,0.695,0.695,0.00%,开放申购,开放赎回,
2017-06-15,0.695,0.695,1.31%,开放申购,开放赎回,
2017-06-14,0.686,0.686,-0.58%,开放申购,开放赎回,
2017-06-13,0.69,0.69,1.17%,开放申购,开放赎回,
2017-06-12,0.682,0.682,-0.87%,开放申购,开放赎回,
2017-06-09,0.688,0.688,0.15%,开放申购,开放赎回,
2017-06-08,0.687,0.687,0.15%,开放申购,开放赎回,
2017-06-07,0.686,0.686,2.54%,开放申购,开放赎回,
2017-06-06,0.669,0.669,0.45%,开放申购,开放赎回,
2017-06-05,0.666,0.666,0.76%,开放申购,开放赎回,
2017-06-02,0.661,0.661,0.61%,开放申购,开放赎回,
2017-06-01,0.657,0.657,-1.94%,开放申购,开放赎回,
2017-05-31,0.67,0.67,-0.30%,开放申购,开放赎回,
2017-05-26,0.672,0.672,0.00%,开放申购,开放赎回,
2017-05-25,0.672,0.672,0.30%,开放申购,开放赎回,
2017-05-24,0.67,0.67,0.15%,开放申购,开放赎回,
2017-05-23,0.669,0.669,-2.34%,开放申购,开放赎回,
2017-05-22,0.685,0.685,-1.15%,开放申购,开放赎回,
2017-05-19,0.693,0.693,-0.57%,开放申购,开放赎回,
2017-05-18,0.697,0.697,-0.43%,开放申购,开放赎回,
2017-05-17,0.7,0.7,0.00%,开放申购,开放赎回,
2017-05-16,0.7,0.7,2.34%,开放申购,开放赎回,
2017-05-15,0.684,0.684,0.15%,开放申购,开放赎回,
2017-05-12,0.683,0.683,0.15%,开放申购,开放赎回,
2017-05-11,0.682,0.682,0.00%,开放申购,开放赎回,
2017-05-10,0.682,0.682,-0.73%,开放申购,开放赎回,
2017-05-09,0.687,0.687,0.15%,开放申购,开放赎回,
2017-05-08,0.686,0.686,-1.72%,开放申购,开放赎回,
2017-05-05,0.698,0.698,-0.43%,开放申购,开放赎回,
2017-05-04,0.701,0.701,0.29%,开放申购,开放赎回,
2017-05-03,0.699,0.699,-0.29%,开放申购,开放赎回,
2017-05-02,0.701,0.701,-0.28%,开放申购,开放赎回,
2017-04-28,0.703,0.703,-0.28%,开放申购,开放赎回,
2017-04-27,0.705,0.705,0.86%,开放申购,开放赎回,
2017-04-26,0.699,0.699,0.14%,开放申购,开放赎回,
2017-04-25,0.698,0.698,0.43%,开放申购,开放赎回,
2017-04-24,0.695,0.695,-1.70%,开放申购,开放赎回,
2017-04-21,0.707,0.707,-0.70%,开放申购,开放赎回,
2017-04-20,0.712,0.712,0.00%,开放申购,开放赎回,
2017-04-19,0.712,0.712,-0.97%,开放申购,开放赎回,
2017-04-18,0.719,0.719,-0.14%,开放申购,开放赎回,
2017-04-17,0.72,0.72,-1.10%,开放申购,开放赎回,
2017-04-14,0.728,0.728,-1.09%,开放申购,开放赎回,
2017-04-13,0.736,0.736,-0.27%,开放申购,开放赎回,
2017-04-12,0.738,0.738,-0.14%,开放申购,开放赎回,
2017-04-11,0.739,0.739,-0.14%,开放申购,开放赎回,
2017-04-10,0.74,0.74,-0.80%,开放申购,开放赎回,
2017-04-07,0.746,0.746,-0.27%,开放申购,开放赎回,
2017-04-06,0.748,0.748,0.00%,开放申购,开放赎回,
2017-04-05,0.748,0.748,1.08%,开放申购,开放赎回,
2017-03-31,0.74,0.74,0.54%,开放申购,开放赎回,
2017-03-30,0.736,0.736,-1.34%,开放申购,开放赎回,
2017-03-29,0.746,0.746,-0.53%,开放申购,开放赎回,
2017-03-28,0.75,0.75,0.13%,开放申购,开放赎回,
2017-03-27,0.749,0.749,-0.40%,开放申购,开放赎回,
2017-03-24,0.752,0.752,0.00%,开放申购,开放赎回,
2017-03-23,0.752,0.752,0.13%,开放申购,开放赎回,
2017-03-22,0.751,0.751,-0.13%,开放申购,开放赎回,
2017-03-21,0.752,0.752,0.40%,开放申购,开放赎回,
2017-03-20,0.749,0.749,0.27%,开放申购,开放赎回,
2017-03-17,0.747,0.747,-0.66%,开放申购,开放赎回,
2017-03-16,0.752,0.752,0.40%,开放申购,开放赎回,
2017-03-15,0.749,0.749,0.00%,开放申购,开放赎回,
2017-03-14,0.749,0.749,-0.13%,开放申购,开放赎回,
2017-03-13,0.75,0.75,0.13%,开放申购,开放赎回,
2017-03-10,0.749,0.749,0.00%,开放申购,开放赎回,
2017-03-09,0.749,0.749,-0.66%,开放申购,开放赎回,
2017-03-08,0.754,0.754,-0.13%,开放申购,开放赎回,
2017-03-07,0.755,0.755,0.27%,开放申购,开放赎回,
2017-03-06,0.753,0.753,0.40%,开放申购,开放赎回,
2017-03-03,0.75,0.75,0.00%,开放申购,开放赎回,
2017-03-02,0.75,0.75,-0.40%,开放申购,开放赎回,
2017-03-01,0.753,0.753,0.13%,开放申购,开放赎回,
2017-02-28,0.752,0.752,0.27%,开放申购,开放赎回,
2017-02-27,0.75,0.75,-0.40%,开放申购,开放赎回,
2017-02-24,0.753,0.753,0.00%,开放申购,开放赎回,
2017-02-23,0.753,0.753,-0.53%,开放申购,开放赎回,
2017-02-22,0.757,0.757,0.13%,开放申购,开放赎回,
2017-02-21,0.756,0.756,0.00%,开放申购,开放赎回,
2017-02-20,0.756,0.756,0.40%,开放申购,开放赎回,
2017-02-17,0.753,0.753,-0.66%,开放申购,开放赎回,
2017-02-16,0.758,0.758,0.40%,开放申购,开放赎回,
2017-02-15,0.755,0.755,0.53%,开放申购,开放赎回,
2017-02-14,0.751,0.751,-0.27%,开放申购,开放赎回,
2017-02-13,0.753,0.753,0.13%,开放申购,开放赎回,
2017-02-10,0.752,0.752,0.53%,开放申购,开放赎回,
2017-02-09,0.748,0.748,0.00%,开放申购,开放赎回,
2017-02-08,0.748,0.748,0.27%,开放申购,开放赎回,
2017-02-07,0.746,0.746,0.54%,开放申购,开放赎回,
2017-02-06,0.742,0.742,0.14%,开放申购,开放赎回,
2017-02-03,0.741,0.741,-0.27%,开放申购,开放赎回,
2017-01-26,0.743,0.743,0.27%,开放申购,开放赎回,
2017-01-25,0.741,0.741,-0.13%,开放申购,开放赎回,
2017-01-24,0.742,0.742,-0.13%,开放申购,开放赎回,
2017-01-23,0.743,0.743,0.41%,开放申购,开放赎回,
2017-01-20,0.74,0.74,0.27%,开放申购,开放赎回,
2017-01-19,0.738,0.738,0.00%,开放申购,开放赎回,
2017-01-18,0.738,0.738,-0.54%,开放申购,开放赎回,
2017-01-17,0.742,0.742,0.14%,开放申购,开放赎回,
2017-01-16,0.741,0.741,-1.98%,开放申购,开放赎回,
2017-01-13,0.756,0.756,0.67%,开放申购,开放赎回,
2017-01-12,0.751,0.751,-0.66%,开放申购,开放赎回,
2017-01-11,0.756,0.756,-0.79%,开放申购,开放赎回,
2017-01-10,0.762,0.762,-0.52%,开放申购,开放赎回,
2017-01-09,0.766,0.766,0.66%,开放申购,开放赎回,
2017-01-06,0.761,0.761,-0.39%,开放申购,开放赎回,
2017-01-05,0.764,0.764,-0.13%,开放申购,开放赎回,
2017-01-04,0.765,0.765,0.92%,开放申购,开放赎回,
2017-01-03,0.758,0.758,0.93%,开放申购,开放赎回,
2016-12-31,0.751,0.751,0.00%,开放申购,开放赎回,
2016-12-30,0.751,0.751,-0.40%,开放申购,开放赎回,
2016-12-29,0.754,0.754,-0.66%,开放申购,开放赎回,
2016-12-28,0.759,0.759,-0.39%,开放申购,开放赎回,
2016-12-27,0.762,0.762,0.66%,开放申购,开放赎回,
2016-12-26,0.757,0.757,0.40%,开放申购,开放赎回,
2016-12-23,0.754,0.754,-0.13%,开放申购,开放赎回,
2016-12-22,0.755,0.755,0.00%,开放申购,开放赎回,
2016-12-21,0.755,0.755,0.53%,开放申购,开放赎回,
2016-12-20,0.751,0.751,-0.13%,开放申购,开放赎回,
2016-12-19,0.752,0.752,-0.27%,开放申购,开放赎回,
2016-12-16,0.754,0.754,0.53%,开放申购,开放赎回,
2016-12-15,0.75,0.75,0.00%,开放申购,开放赎回,
2016-12-14,0.75,0.75,-0.40%,开放申购,开放赎回,
2016-12-13,0.753,0.753,0.27%,开放申购,开放赎回,
2016-12-12,0.751,0.751,-3.22%,开放申购,开放赎回,
2016-12-09,0.776,0.776,-0.39%,开放申购,开放赎回,
2016-12-08,0.779,0.779,-0.51%,开放申购,开放赎回,
2016-12-07,0.783,0.783,0.38%,开放申购,开放赎回,
2016-12-06,0.78,0.78,0.65%,开放申购,开放赎回,
2016-12-05,0.775,0.775,0.00%,开放申购,开放赎回,
2016-12-02,0.775,0.775,-1.27%,开放申购,开放赎回,
2016-12-01,0.785,0.785,-0.38%,开放申购,开放赎回,
2016-11-30,0.788,0.788,0.00%,开放申购,开放赎回,
2016-11-29,0.788,0.788,-0.76%,开放申购,开放赎回,
2016-11-28,0.794,0.794,0.13%,开放申购,开放赎回,
2016-11-25,0.793,0.793,-0.75%,开放申购,开放赎回,
2016-11-24,0.799,0.799,-0.62%,开放申购,开放赎回,
2016-11-23,0.804,0.804,-1.11%,开放申购,开放赎回,
2016-11-22,0.813,0.813,0.25%,开放申购,开放赎回,
2016-11-21,0.811,0.811,-0.12%,开放申购,开放赎回,
2016-11-18,0.812,0.812,0.12%,开放申购,开放赎回,
2016-11-17,0.811,0.811,0.00%,开放申购,开放赎回,
2016-11-16,0.811,0.811,1.00%,开放申购,开放赎回,
2016-11-15,0.803,0.803,1.01%,开放申购,开放赎回,
2016-11-14,0.795,0.795,-0.25%,开放申购,开放赎回,
2016-11-11,0.797,0.797,0.13%,开放申购,开放赎回,
2016-11-10,0.796,0.796,1.02%,开放申购,开放赎回,
2016-11-09,0.788,0.788,-0.88%,开放申购,开放赎回,
2016-11-08,0.795,0.795,0.25%,开放申购,开放赎回,
2016-11-07,0.793,0.793,0.25%,开放申购,开放赎回,
2016-11-04,0.791,0.791,0.00%,开放申购,开放赎回,
2016-11-03,0.791,0.791,0.25%,开放申购,开放赎回,
2016-11-02,0.789,0.789,0.13%,开放申购,开放赎回,
2016-11-01,0.788,0.788,0.51%,开放申购,开放赎回,
2016-10-31,0.784,0.784,-1.26%,开放申购,开放赎回,
2016-10-28,0.794,0.794,-1.00%,开放申购,开放赎回,
2016-10-27,0.802,0.802,0.38%,开放申购,开放赎回,
2016-10-26,0.799,0.799,-0.37%,开放申购,开放赎回,
2016-10-25,0.802,0.802,-0.12%,开放申购,开放赎回,
2016-10-24,0.803,0.803,0.25%,开放申购,开放赎回,
2016-10-21,0.801,0.801,-0.99%,开放申购,开放赎回,
2016-10-20,0.809,0.809,0.37%,开放申购,开放赎回,
2016-10-19,0.806,0.806,0.25%,开放申购,开放赎回,
2016-10-18,0.804,0.804,1.26%,开放申购,开放赎回,
2016-10-17,0.794,0.794,-1.37%,开放申购,开放赎回,
2016-10-14,0.805,0.805,0.00%,开放申购,开放赎回,
2016-10-13,0.805,0.805,0.12%,开放申购,开放赎回,
2016-10-12,0.804,0.804,-0.50%,开放申购,开放赎回,
2016-10-11,0.808,0.808,0.25%,开放申购,开放赎回,
2016-10-10,0.806,0.806,1.77%,开放申购,开放赎回,
2016-09-30,0.792,0.792,0.25%,开放申购,开放赎回,
2016-09-29,0.79,0.79,0.25%,开放申购,开放赎回,
2016-09-28,0.788,0.788,-0.13%,开放申购,开放赎回,
2016-09-27,0.789,0.789,0.00%,开放申购,开放赎回,
2016-09-26,0.789,0.789,-0.88%,开放申购,开放赎回,
2016-09-23,0.796,0.796,-0.13%,开放申购,开放赎回,
2016-09-22,0.797,0.797,0.00%,开放申购,开放赎回,
2016-09-21,0.797,0.797,-0.25%,开放申购,开放赎回,
2016-09-20,0.799,0.799,0.25%,开放申购,开放赎回,
2016-09-19,0.797,0.797,1.40%,开放申购,开放赎回,
2016-09-14,0.786,0.786,-0.63%,开放申购,开放赎回,
2016-09-13,0.791,0.791,0.25%,开放申购,开放赎回,
2016-09-12,0.789,0.789,-1.99%,开放申购,开放赎回,
2016-09-09,0.805,0.805,-0.25%,开放申购,开放赎回,
2016-09-08,0.807,0.807,0.25%,开放申购,开放赎回,
2016-09-07,0.805,0.805,0.00%,开放申购,开放赎回,
2016-09-06,0.805,0.805,1.00%,开放申购,开放赎回,
2016-09-05,0.797,0.797,0.38%,开放申购,开放赎回,
2016-09-02,0.794,0.794,-0.63%,开放申购,开放赎回,
2016-09-01,0.799,0.799,-0.62%,开放申购,开放赎回,
2016-08-31,0.804,0.804,-0.12%,开放申购,开放赎回,
2016-08-30,0.805,0.805,-0.12%,开放申购,开放赎回,
2016-08-29,0.806,0.806,-0.25%,开放申购,开放赎回,
2016-08-26,0.808,0.808,-0.49%,开放申购,开放赎回,
2016-08-25,0.812,0.812,0.25%,开放申购,开放赎回,
2016-08-24,0.81,0.81,0.50%,开放申购,开放赎回,
2016-08-23,0.806,0.806,0.50%,开放申购,开放赎回,
2016-08-22,0.802,0.802,-1.11%,开放申购,开放赎回,
2016-08-19,0.811,0.811,0.87%,开放申购,开放赎回,
2016-08-18,0.804,0.804,0.12%,开放申购,开放赎回,
2016-08-17,0.803,0.803,0.38%,开放申购,开放赎回,
2016-08-16,0.8,0.8,0.50%,开放申购,开放赎回,
2016-08-15,0.796,0.796,1.66%,开放申购,开放赎回,
2016-08-12,0.783,0.783,0.38%,开放申购,开放赎回,
2016-08-11,0.78,0.78,-1.02%,开放申购,开放赎回,
2016-08-10,0.788,0.788,-0.51%,开放申购,开放赎回,
2016-08-09,0.792,0.792,0.64%,开放申购,开放赎回,
2016-08-08,0.787,0.787,0.90%,开放申购,开放赎回,
2016-08-05,0.78,0.78,-0.26%,开放申购,开放赎回,
2016-08-04,0.782,0.782,0.64%,开放申购,开放赎回,
2016-08-03,0.777,0.777,-0.13%,开放申购,开放赎回,
2016-08-02,0.778,0.778,0.39%,开放申购,开放赎回,
2016-08-01,0.775,0.775,-1.15%,开放申购,开放赎回,
2016-07-29,0.784,0.784,-0.51%,开放申购,开放赎回,
2016-07-28,0.788,0.788,-0.63%,开放申购,开放赎回,
2016-07-27,0.793,0.793,-2.94%,开放申购,开放赎回,
2016-07-26,0.817,0.817,0.12%,开放申购,开放赎回,
2016-07-25,0.816,0.816,0.49%,开放申购,开放赎回,
2016-07-22,0.812,0.812,-1.10%,开放申购,开放赎回,
2016-07-21,0.821,0.821,-0.61%,开放申购,开放赎回,
2016-07-20,0.826,0.826,0.00%,开放申购,开放赎回,
2016-07-19,0.826,0.826,0.49%,开放申购,开放赎回,
2016-07-18,0.822,0.822,-0.84%,开放申购,开放赎回,
2016-07-15,0.829,0.829,0.00%,开放申购,开放赎回,
2016-07-14,0.829,0.829,0.24%,开放申购,开放赎回,
2016-07-13,0.827,0.827,0.49%,开放申购,开放赎回,
2016-07-12,0.823,0.823,0.00%,开放申购,开放赎回,
2016-07-11,0.823,0.823,-0.96%,开放申购,开放赎回,
2016-07-08,0.831,0.831,-0.24%,开放申购,开放赎回,
2016-07-07,0.833,0.833,-0.12%,开放申购,开放赎回,
2016-07-06,0.834,0.834,-0.12%,开放申购,开放赎回,
2016-07-05,0.835,0.835,-0.36%,开放申购,开放赎回,
2016-07-04,0.838,0.838,0.96%,开放申购,开放赎回,
2016-07-01,0.83,0.83,-0.48%,开放申购,开放赎回,
2016-06-30,0.834,0.834,0.60%,开放申购,开放赎回,
2016-06-29,0.829,0.829,0.36%,开放申购,开放赎回,
2016-06-28,0.826,0.826,0.24%,开放申购,开放赎回,
2016-06-27,0.824,0.824,2.23%,开放申购,开放赎回,
2016-06-24,0.806,0.806,1.13%,开放申购,开放赎回,
2016-06-23,0.797,0.797,-0.25%,开放申购,开放赎回,
2016-06-22,0.799,0.799,1.01%,开放申购,开放赎回,
2016-06-21,0.791,0.791,-1.25%,开放申购,开放赎回,
2016-06-20,0.801,0.801,0.38%,开放申购,开放赎回,
2016-06-17,0.798,0.798,0.25%,开放申购,开放赎回,
2016-06-16,0.796,0.796,-1.12%,开放申购,开放赎回,
2016-06-15,0.805,0.805,3.34%,开放申购,开放赎回,
2016-06-14,0.779,0.779,0.26%,开放申购,开放赎回,
2016-06-13,0.777,0.777,-4.31%,开放申购,开放赎回,
2016-06-08,0.812,0.812,-0.37%,开放申购,开放赎回,
2016-06-07,0.815,0.815,0.00%,开放申购,开放赎回,
2016-06-06,0.815,0.815,0.87%,开放申购,开放赎回,
2016-06-03,0.808,0.808,0.62%,开放申购,开放赎回,
2016-06-02,0.803,0.803,0.88%,开放申购,开放赎回,
2016-06-01,0.796,0.796,0.13%,开放申购,开放赎回,
2016-05-31,0.795,0.795,3.11%,开放申购,开放赎回,
2016-05-30,0.771,0.771,-0.90%,开放申购,开放赎回,
2016-05-27,0.778,0.778,-0.26%,开放申购,开放赎回,
2016-05-26,0.78,0.78,0.52%,开放申购,开放赎回,
2016-05-25,0.776,0.776,-0.39%,开放申购,开放赎回,
2016-05-24,0.779,0.779,-0.38%,开放申购,开放赎回,
2016-05-23,0.782,0.782,1.30%,开放申购,开放赎回,
2016-05-20,0.772,0.772,0.78%,开放申购,开放赎回,
2016-05-19,0.766,0.766,0.52%,开放申购,开放赎回,
2016-05-18,0.762,0.762,-1.55%,开放申购,开放赎回,
2016-05-17,0.774,0.774,0.65%,开放申购,开放赎回,
2016-05-16,0.769,0.769,0.92%,开放申购,开放赎回,
2016-05-13,0.762,0.762,-0.65%,开放申购,开放赎回,
2016-05-12,0.767,0.767,-0.26%,开放申购,开放赎回,
2016-05-11,0.769,0.769,-1.41%,开放申购,开放赎回,
2016-05-10,0.78,0.78,-0.38%,开放申购,开放赎回,
2016-05-09,0.783,0.783,-0.76%,开放申购,开放赎回,
2016-05-06,0.789,0.789,-1.99%,开放申购,开放赎回,
2016-05-05,0.805,0.805,0.12%,开放申购,开放赎回,
2016-05-04,0.804,0.804,0.00%,开放申购,开放赎回,
2016-05-03,0.804,0.804,2.03%,开放申购,开放赎回,
2016-04-29,0.788,0.788,0.13%,开放申购,开放赎回,
2016-04-28,0.787,0.787,-0.25%,开放申购,开放赎回,
2016-04-27,0.789,0.789,-0.13%,开放申购,开放赎回,
2016-04-26,0.79,0.79,0.51%,开放申购,开放赎回,
2016-04-25,0.786,0.786,-0.51%,开放申购,开放赎回,
2016-04-22,0.79,0.79,0.64%,开放申购,开放赎回,
2016-04-21,0.785,0.785,-0.51%,开放申购,开放赎回,
2016-04-20,0.789,0.789,-2.11%,开放申购,开放赎回,
2016-04-19,0.806,0.806,0.37%,开放申购,开放赎回,
2016-04-18,0.803,0.803,-0.74%,开放申购,开放赎回,
2016-04-15,0.809,0.809,-0.74%,开放申购,开放赎回,
2016-04-14,0.815,0.815,1.24%,开放申购,开放赎回,
2016-04-13,0.805,0.805,0.63%,开放申购,开放赎回,
2016-04-12,0.8,0.8,-0.12%,开放申购,开放赎回,
2016-04-11,0.801,0.801,1.39%,开放申购,开放赎回,
2016-04-08,0.79,0.79,-0.63%,开放申购,开放赎回,
2016-04-07,0.795,0.795,-1.24%,开放申购,开放赎回,
2016-04-06,0.805,0.805,0.37%,开放申购,开放赎回,
2016-04-05,0.802,0.802,1.39%,开放申购,开放赎回,
2016-04-01,0.791,0.791,-0.88%,开放申购,开放赎回,
2016-03-31,0.798,0.798,0.38%,开放申购,开放赎回,
2016-03-30,0.795,0.795,2.58%,开放申购,开放赎回,
2016-03-29,0.775,0.775,-2.39%,开放申购,开放赎回,
2016-03-28,0.794,0.794,-0.13%,开放申购,开放赎回,
2016-03-25,0.795,0.795,2.05%,开放申购,开放赎回,
2016-03-24,0.779,0.779,-1.89%,开放申购,开放赎回,
2016-03-23,0.794,0.794,0.25%,开放申购,开放赎回,
2016-03-22,0.792,0.792,0.13%,开放申购,开放赎回,
2016-03-21,0.791,0.791,1.41%,开放申购,开放赎回,
2016-03-18,0.78,0.78,3.59%,开放申购,开放赎回,
2016-03-17,0.753,0.753,3.72%,开放申购,开放赎回,
2016-03-16,0.726,0.726,-0.55%,开放申购,开放赎回,
2016-03-15,0.73,0.73,-0.82%,开放申购,开放赎回,
2016-03-14,0.736,0.736,4.10%,开放申购,开放赎回,
2016-03-11,0.707,0.707,0.00%,开放申购,开放赎回,
2016-03-10,0.707,0.707,-1.94%,开放申购,开放赎回,
2016-03-09,0.721,0.721,-0.83%,开放申购,开放赎回,
2016-03-08,0.727,0.727,1.54%,开放申购,开放赎回,
2016-03-07,0.716,0.716,1.70%,开放申购,开放赎回,
2016-03-04,0.704,0.704,-3.56%,开放申购,开放赎回,
2016-03-03,0.73,0.73,-0.27%,开放申购,开放赎回,
2016-03-02,0.732,0.732,3.10%,开放申购,开放赎回,
2016-03-01,0.71,0.71,1.28%,开放申购,开放赎回,
2016-02-29,0.701,0.701,-6.16%,开放申购,开放赎回,
2016-02-26,0.747,0.747,-1.97%,开放申购,开放赎回,
2016-02-25,0.762,0.762,-6.85%,开放申购,开放赎回,
2016-02-24,0.818,0.818,-1.33%,开放申购,开放赎回,
2016-02-23,0.829,0.829,-2.13%,开放申购,开放赎回,
2016-02-22,0.847,0.847,1.19%,开放申购,开放赎回,
2016-02-19,0.837,0.837,0.00%,开放申购,开放赎回,
2016-02-18,0.837,0.837,-1.41%,开放申购,开放赎回,
2016-02-17,0.849,0.849,-0.70%,开放申购,开放赎回,
2016-02-16,0.855,0.855,3.01%,开放申购,开放赎回,
2016-02-15,0.83,0.83,0.73%,开放申购,开放赎回,
2016-02-05,0.824,0.824,-0.36%,开放申购,开放赎回,
2016-02-04,0.827,0.827,3.12%,开放申购,开放赎回,
2016-02-03,0.802,0.802,0.63%,开放申购,开放赎回,
2016-02-02,0.797,0.797,3.37%,开放申购,开放赎回,
2016-02-01,0.771,0.771,-1.15%,开放申购,开放赎回,
2016-01-29,0.78,0.78,2.77%,开放申购,开放赎回,
2016-01-28,0.759,0.759,-4.05%,开放申购,开放赎回,
2016-01-27,0.791,0.791,-1.13%,开放申购,开放赎回,
2016-01-26,0.8,0.8,-5.99%,开放申购,开放赎回,
2016-01-25,0.851,0.851,0.71%,开放申购,开放赎回,
2016-01-22,0.845,0.845,0.60%,开放申购,开放赎回,
2016-01-21,0.84,0.84,-4.33%,开放申购,开放赎回,
2016-01-20,0.878,0.878,0.34%,开放申购,开放赎回,
2016-01-19,0.875,0.875,2.82%,开放申购,开放赎回,
2016-01-18,0.851,0.851,2.41%,开放申购,开放赎回,
2016-01-15,0.831,0.831,-1.54%,开放申购,开放赎回,
2016-01-14,0.844,0.844,3.05%,开放申购,开放赎回,
2016-01-13,0.819,0.819,-2.85%,开放申购,开放赎回,
2016-01-12,0.843,0.843,0.24%,开放申购,开放赎回,
2016-01-11,0.841,0.841,-4.97%,开放申购,开放赎回,
2016-01-08,0.885,0.885,-0.56%,开放申购,开放赎回,
2016-01-07,0.89,0.89,-6.22%,开放申购,开放赎回,
2016-01-06,0.949,0.949,1.28%,开放申购,开放赎回,
2016-01-05,0.937,0.937,-3.40%,开放申购,开放赎回,
2016-01-04,0.97,0.97,-7.71%,开放申购,开放赎回,
2015-12-31,1.051,1.051,-1.68%,开放申购,开放赎回,
2015-12-30,1.069,1.069,1.71%,开放申购,开放赎回,
2015-12-29,1.051,1.051,-2.32%,开放申购,开放赎回,
2015-12-28,1.076,1.076,0.00%,开放申购,开放赎回,
2015-12-25,1.076,1.076,1.61%,开放申购,开放赎回,
2015-12-24,1.059,1.059,0.57%,开放申购,开放赎回,
2015-12-23,1.053,1.053,-1.68%,开放申购,开放赎回,
2015-12-22,1.071,1.071,1.61%,开放申购,开放赎回,
2015-12-21,1.054,1.054,-0.94%,开放申购,开放赎回,
2015-12-18,1.064,1.064,-1.12%,开放申购,开放赎回,
2015-12-17,1.076,1.076,2.48%,开放申购,开放赎回,
2015-12-16,1.05,1.05,0.77%,开放申购,开放赎回,
2015-12-15,1.042,1.042,1.36%,开放申购,开放赎回,
2015-12-14,1.028,1.028,0.98%,开放申购,开放赎回,
2015-12-11,1.018,1.018,-1.17%,开放申购,开放赎回,
2015-12-10,1.03,1.03,0.59%,开放申购,开放赎回,
2015-12-09,1.024,1.024,-0.39%,开放申购,开放赎回,
2015-12-08,1.028,1.028,-0.48%,开放申购,开放赎回,
2015-12-07,1.033,1.033,1.08%,开放申购,开放赎回,
2015-12-04,1.022,1.022,-0.49%,开放申购,开放赎回,
2015-12-03,1.027,1.027,2.09%,开放申购,开放赎回,
2015-12-02,1.006,1.006,-2.14%,开放申购,开放赎回,
2015-12-01,1.028,1.028,-2.10%,开放申购,开放赎回,
2015-11-30,1.05,1.05,0.96%,开放申购,开放赎回,
2015-11-27,1.04,1.04,-4.32%,开放申购,开放赎回,
2015-11-26,1.087,1.087,-0.73%,开放申购,开放赎回,
2015-11-25,1.095,1.095,2.53%,开放申购,开放赎回,
2015-11-24,1.068,1.068,1.14%,开放申购,开放赎回,
2015-11-23,1.056,1.056,0.09%,开放申购,开放赎回,
2015-11-20,1.055,1.055,0.96%,开放申购,开放赎回,
2015-11-19,1.045,1.045,1.95%,开放申购,开放赎回,
2015-11-18,1.025,1.025,-1.44%,开放申购,开放赎回,
2015-11-17,1.04,1.04,-1.05%,开放申购,开放赎回,
2015-11-16,1.051,1.051,1.16%,开放申购,开放赎回,
2015-11-13,1.039,1.039,-1.98%,开放申购,开放赎回,
2015-11-12,1.06,1.06,-0.47%,开放申购,开放赎回,
2015-11-11,1.065,1.065,1.04%,开放申购,开放赎回,
2015-11-10,1.054,1.054,0.48%,开放申购,开放赎回,
2015-11-09,1.049,1.049,1.94%,开放申购,开放赎回,
2015-11-06,1.029,1.029,1.68%,开放申购,开放赎回,
2015-11-05,1.012,1.012,0.10%,开放申购,开放赎回,
2015-11-04,1.011,1.011,1.92%,开放申购,开放赎回,
2015-11-03,0.992,0.992,-0.30%,开放申购,开放赎回,
2015-11-02,0.995,0.995,-1.09%,开放申购,开放赎回,
2015-10-30,1.006,1.006,0.40%,开放申购,开放赎回,
2015-10-29,1.002,1.002,1.01%,开放申购,开放赎回,
2015-10-28,0.992,0.992,-0.90%,开放申购,开放赎回,
2015-10-27,1.001,1.001,0.10%,开放申购,开放赎回,
2015-10-26,1.0,1.0,-0.40%,开放申购,开放赎回,
2015-10-23,1.004,1.004,0.70%,开放申购,开放赎回,
2015-10-22,0.997,0.997,1.12%,开放申购,开放赎回,
2015-10-21,0.986,0.986,-1.10%,开放申购,开放赎回,
2015-10-20,0.997,0.997,0.71%,开放申购,开放赎回,
2015-10-19,0.99,0.99,0.00%,开放申购,开放赎回,
2015-10-16,0.99,0.99,0.20%,开放申购,开放赎回,
2015-10-15,0.988,0.988,0.61%,开放申购,开放赎回,
2015-10-14,0.982,0.982,-0.10%,开放申购,开放赎回,
2015-10-13,0.983,0.983,0.31%,开放申购,开放赎回,
2015-10-12,0.98,0.98,0.51%,开放申购,开放赎回,
2015-10-09,0.975,0.975,0.10%,开放申购,开放赎回,
2015-10-08,0.974,0.974,0.52%,开放申购,开放赎回,
2015-09-30,0.969,0.969,0.00%,开放申购,开放赎回,
2015-09-29,0.969,0.969,-0.31%,开放申购,开放赎回,
2015-09-28,0.972,0.972,0.83%,开放申购,开放赎回,
2015-09-25,0.964,0.964,-0.31%,开放申购,开放赎回,
2015-09-24,0.967,0.967,0.00%,开放申购,开放赎回,
2015-09-23,0.967,0.967,0.10%,开放申购,开放赎回,
2015-09-22,0.966,0.966,0.00%,开放申购,开放赎回,
2015-09-21,0.966,0.966,0.31%,开放申购,开放赎回,
2015-09-18,0.963,0.963,0.42%,开放申购,开放赎回,
2015-09-17,0.959,0.959,0.31%,开放申购,开放赎回,
2015-09-16,0.956,0.956,0.53%,开放申购,开放赎回,
2015-09-15,0.951,0.951,-0.52%,开放申购,开放赎回,
2015-09-14,0.956,0.956,-0.62%,开放申购,开放赎回,
2015-09-11,0.962,0.962,0.21%,开放申购,开放赎回,
2015-09-10,0.96,0.96,-0.10%,开放申购,开放赎回,
2015-09-09,0.961,0.961,0.42%,开放申购,开放赎回,
2015-09-08,0.957,0.957,0.53%,开放申购,开放赎回,
2015-09-07,0.952,0.952,0.32%,开放申购,开放赎回,
2015-09-02,0.949,0.949,-0.52%,开放申购,开放赎回,
2015-09-01,0.954,0.954,-0.73%,开放申购,开放赎回,
2015-08-31,0.961,0.961,-0.93%,开放申购,开放赎回,
2015-08-28,0.97,0.97,0.83%,开放申购,开放赎回,
2015-08-27,0.962,0.962,0.10%,开放申购,开放赎回,
2015-08-26,0.961,0.961,-0.93%,开放申购,开放赎回,
2015-08-25,0.97,0.97,-0.82%,开放申购,开放赎回,
2015-08-24,0.978,0.978,-0.81%,开放申购,开放赎回,
2015-08-21,0.986,0.986,-0.80%,开放申购,开放赎回,
2015-08-20,0.994,0.994,-0.50%,开放申购,开放赎回,
2015-08-19,0.999,0.999,0.20%,开放申购,开放赎回,
2015-08-18,0.997,0.997,-0.80%,开放申购,开放赎回,
2015-08-17,1.005,1.005,0.10%,开放申购,开放赎回,
2015-08-14,1.004,1.004,0.00%,开放申购,开放赎回,
2015-08-13,1.004,1.004,0.30%,开放申购,开放赎回,
2015-08-12,1.001,1.001,-0.60%,开放申购,开放赎回,
2015-08-11,1.007,1.007,0.20%,开放申购,开放赎回,
2015-08-10,1.005,1.005,0.40%,开放申购,开放赎回,
2015-08-07,1.001,1.001,0.40%,开放申购,开放赎回,
2015-08-06,0.997,0.997,-0.10%,开放申购,开放赎回,
2015-08-05,0.998,0.998,-0.10%,开放申购,开放赎回,
2015-08-04,0.999,0.999,0.20%,开放申购,开放赎回,
2015-08-03,0.997,0.997,-0.20%,开放申购,开放赎回,
2015-07-31,0.999,0.999,,封闭期,封闭期,
2015-07-24,1.004,1.004,,封闭期,封闭期,
2015-07-17,1.002,1.002,,封闭期,封闭期,
2015-07-10,0.999,0.999,,封闭期,封闭期,
2015-07-07,0.997,0.997,,封闭期,封闭期,
2015-07-03,1.0,1.0,,封闭期,封闭期,
2015-07-01,1.0,1.0,,封闭期,封闭期,
